,sample_id,# MS2 peaks,# MS3 peaks,# MS4 peaks,# MS5 peaks,Parent m/z,MA (lower est.),MA (upper est.),MA (mean est.),MA (est.),MA (MW est.),formula,MW,CAS,SMILES,Dataset,MA,Error
0,150523/CAS_100442_33_9,26,29,106,0,298.2165,14.51612707,22.89906621,17.37483165,"[17.47908389 14.96996731 17.13054932 17.33412669 14.51612707 17.88399337
 18.18164386 22.89906621 15.83711466 15.47815602 18.50782934 15.56584827
 16.89111369 16.44718779 19.48884975 16.91367245 19.67080231 15.16883293
 19.40066135 17.73200679]",20.96655382,C20H27NO,297.44,100442-33-9,CN(CCC(c1ccccc1)c1ccccc1)CC(C)(C)O,Alasdair,12,5.374831653
1,150523/CAS_1306606_88_1,45,129,113,0,305.0565,13.0157065,22.14654138,18.32489989,"[18.78917388 18.87812938 19.62279599 18.95345706 13.0157065  22.14654138
 19.80516772 21.53087595 20.12723883 15.09827561 15.34033002 16.76433589
 17.33035851 16.36720767 17.67580361 18.00508514 17.63128267 19.32794563
 21.23954577 18.84874054]",20.57847254,C12H11F3N2O2S,304.29,1306606-88-1,CCc1ccc2nc(NC(=O)OCC(F)(F)F)sc2c1,Alasdair,18,0.324899888
2,150523/CAS_1306606_88_1,45,129,113,0,305.0565,13.0157065,22.14654138,18.32489989,"[18.78917388 18.87812938 19.62279599 18.95345706 13.0157065  22.14654138
 19.80516772 21.53087595 20.12723883 15.09827561 15.34033002 16.76433589
 17.33035851 16.36720767 17.67580361 18.00508514 17.63128267 19.32794563
 21.23954577 18.84874054]",20.57847254,C12H11F3N2O2S,304.29,1306606-88-1,CCc1ccc2nc(NC(=O)OCC(F)(F)F)sc2c1,Alasdair,18,0.324899888
3,150523/CAS_13139_14_5,27,108,106,0,305.1495,12.04120461,24.72144358,18.32322518,"[16.35932194 15.93120897 15.11849972 24.72144358 18.69842627 20.9680271
 20.48406675 18.07047449 20.47645709 18.83904741 15.50855528 21.20565504
 16.41253981 12.04120461 17.85288395 17.95432834 21.56644614 16.71717013
 18.97321043 18.5655365 ]",21.4708507,C16H20N2O4,304.34,13139-14-5,CC(C)(C)OC(=O)N[C@@H](Cc1c[nH]c2ccccc12)C(=O)O,Alasdair,15,3.323225178
4,150523/CAS_146_77_0,13,37,37,0,302.065,14.43347539,23.90306082,19.02792005,"[19.1896747  22.31284487 18.57215271 18.44766621 14.43347539 17.61919899
 18.13490021 18.97083108 17.10385041 18.66717801 19.44201988 21.18106491
 23.90306082 21.36642485 22.45904967 18.33026807 20.62936857 15.49985062
 18.3079982  15.98752287]",21.98128887,C10H12ClN5O4,301.69,146-77-0,Nc1nc(Cl)nc2c1ncn2[C@@H]1O[C@H](CO)[C@@H](O)[C@H]1O,Alasdair,14,5.027920051
5,150523/CAS_146_77_0,13,37,37,0,302.065,14.43347539,23.90306082,19.02792005,"[19.1896747  22.31284487 18.57215271 18.44766621 14.43347539 17.61919899
 18.13490021 18.97083108 17.10385041 18.66717801 19.44201988 21.18106491
 23.90306082 21.36642485 22.45904967 18.33026807 20.62936857 15.49985062
 18.3079982  15.98752287]",21.98128887,C10H12ClN5O4,301.69,146-77-0,Nc1nc(Cl)nc2c1ncn2[C@@H]1O[C@H](CO)[C@@H](O)[C@H]1O,Alasdair,14,5.027920051
6,150523/CAS_147_58_0,14,40,47,0,305.9621,7.281966613,14.45456998,11.40057861,"[ 9.70347049 14.34020914 10.95280071 12.8571241  13.14311072  9.5433758
 10.14172282 10.50969611  7.28196661  9.75904607 11.76986175 12.52024448
 11.3528301  12.21353868 10.41097137 14.45456998 10.59087335 12.40589581
 12.02719646 12.03306755]",20.79995674,IC6H4CONHCH2CO2H,305.07,147-58-0,O=C(O)CNC(=O)c1ccccc1I,Alasdair,10,1.400578606
7,150523/CAS_17635_44_8,11,32,25,0,302.7762,4.712696841,8.45061962,6.46199071,"[7.67636852 6.02589385 6.84092597 4.94517552 8.45061962 7.03161086
 6.72965343 6.5929888  6.36504998 4.71269684 7.03487265 5.63939754
 5.71819146 7.08666507 7.03978243 6.81489313 6.13399177 8.00107207
 5.07268087 5.32728383]",19.83064246,C3HBr3N2,304.767,17635-44-8,Brc1n[nH]c(Br)c1Br,Alasdair,7,0.53800929
8,150523/CAS_17635_44_8,11,32,25,0,302.7762,4.712696841,8.45061962,6.46199071,"[7.67636852 6.02589385 6.84092597 4.94517552 8.45061962 7.03161086
 6.72965343 6.5929888  6.36504998 4.71269684 7.03487265 5.63939754
 5.71819146 7.08666507 7.03978243 6.81489313 6.13399177 8.00107207
 5.07268087 5.32728383]",19.83064246,C3HBr3N2,304.767,17635-44-8,Brc1n[nH]c(Br)c1Br,Alasdair,7,0.53800929
9,150523/CAS_179334_20_4,7,15,15,0,304.9953,12.10948202,17.52791136,15.08325916,"[13.57852725 17.16027857 13.2151215  13.79982077 14.12002307 16.19551852
 14.67034514 15.30592625 14.95697549 15.55355029 14.95709603 15.4443537
 17.52791136 16.66601249 15.43010267 12.98414142 14.66210012 16.44409844
 12.10948202 16.88379807]",20.82627383,C10H13BrN2O2S,305.19,179334-20-4,O=S(=O)(c1ccc(Br)cc1)N1CCNCC1,Alasdair,12,3.08325916
10,150523/CAS_250714_51_3,10,57,33,0,252.0298,10.81081182,19.49058154,14.90223981,"[13.03559676 14.12907913 15.5660805  16.15739479 10.81081182 15.43182227
 15.85826854 12.09112476 13.03765556 14.01333772 15.58541254 14.30705915
 15.65938728 15.27635143 18.17669149 11.90561383 15.90700337 19.49058154
 15.91738464 15.68813903]",17.3606409,C10H10F3NO4S,397.25,250714-51-3,CC(NS(=O)(=O)c1cccc(C(F)(F)F)c1)C(=O)O,Alasdair,16,1.097760192
11,150523/CAS_252577_86_9,33,149,73,0,303.1814,11.28009705,19.91642083,15.68606423,"[14.10150551 14.37585116 13.32472923 15.78222291 17.74379966 18.63036433
 18.63876321 19.91642083 11.28009705 15.31764698 17.48944434 13.43245688
 14.90896307 14.35913721 17.4722836  18.15612501 14.27394644 16.78273551
 15.80327773 11.93151388]",21.95172088,C16H22N4O2,302.37,252577-86-9,CC(C)(C)OC(=O)NC1CCN(c2ccc(C#N)cn2)CC1,Alasdair,17,1.313935773
12,150523/CAS_29632_73_3,22,91,35,0,297.8721,4.738763125,8.866260616,6.675147502,"[7.36132432 7.35925583 7.57730227 8.09752533 6.51456277 6.92476638
 4.94753909 6.34899184 5.65257436 4.73876312 7.74692502 7.06721782
 8.86626062 5.35912242 6.99411044 6.54694227 6.23093902 8.0128704
 5.22847295 5.92748375]",20.41292006,C6H5BrIN,297.9,29632-73-3,Nc1ccc(I)cc1Br,Alasdair,6,0.675147502
13,150523/CAS_328028_19_9,35,83,233,0,303.0757,13.34169585,22.69047421,18.96469175,"[19.02651906 21.49531849 20.33927392 17.00865818 21.14209024 19.22346749
 22.17125072 14.34736849 20.55424123 13.34169585 18.50498197 16.62801749
 22.69047421 20.36520173 19.97135045 21.42005578 17.3271276  16.68325844
 21.03493871 16.01854496]",20.66585345,C10H14N4O5S,302.3,328028-19-9,NNc1ccc(S(=O)(=O)N2CCOCC2)cc1[N+](=O)[O-],Alasdair,15,3.964691749
14,150523/CAS_328028_19_9,35,83,233,0,303.0757,13.34169585,22.69047421,18.96469175,"[19.02651906 21.49531849 20.33927392 17.00865818 21.14209024 19.22346749
 22.17125072 14.34736849 20.55424123 13.34169585 18.50498197 16.62801749
 22.69047421 20.36520173 19.97135045 21.42005578 17.3271276  16.68325844
 21.03493871 16.01854496]",20.66585345,C10H14N4O5S,302.3,328028-19-9,NNc1ccc(S(=O)(=O)N2CCOCC2)cc1[N+](=O)[O-],Alasdair,15,3.964691749
15,150523/CAS_330786_24_8,121,290,454,0,304.1192,10.69705342,17.13828096,13.8633613,"[10.69705342 14.03802661 11.74173457 16.26575228 15.40258766 16.54683597
 13.00013639 13.42871699 12.99368086 13.94623373 11.78656117 13.43329351
 13.26002221 10.87715729 15.21982734 15.84322184 13.58933163 17.13828096
 14.27128987 13.7874816 ]",20.4100317,C17H13N5O,303.32,330786-24-8,Nc1ncnc2n[nH]c(-c3ccc(Oc4ccccc4)cc3)c12,Alasdair,13,0.863361295
16,150523/CAS_3479_85_4,27,46,153,0,302.8861,11.1752109,17.10821026,15.06776798,"[13.81793192 16.02698121 14.65061766 16.6515969  15.18394453 14.6125417
 12.79244391 16.97931368 15.44701352 15.21732575 13.37873055 17.10821026
 11.1752109  15.42539348 13.79979993 15.64645006 16.70321085 15.79435745
 13.84143389 17.10285152]",20.48769998,C6H8Br2O4,303.93,3479-85-4,O=C(O)C(Br)CCC(Br)C(=O)O,Alasdair,7,8.067767983
17,150523/CAS_364794_79_6,27,109,150,0,304.208,14.58481159,19.44153802,17.29471088,"[18.520569   19.07361555 19.44153802 17.96269256 15.79291155 17.26216836
 18.22791302 17.18817537 16.09905851 15.7446895  16.78934605 17.37563883
 17.34975311 16.9959016  17.62337283 17.04533912 14.58481159 15.37873383
 19.21525951 18.22272961]",20.1435048,C17H26BNO3,303.2,364794-79-6,CC1(C)OB(c2ccc(CN3CCOCC3)cc2)OC1(C)C,Alasdair,15,2.294710876
18,150523/CAS_381233_96_1,13,31,20,0,298.8674,4.531076293,9.563156534,7.379998898,"[9.14598121 8.58969213 5.85688138 8.45598294 5.78319654 5.49699787
 9.56315653 6.5792917  7.4327329  6.80293237 8.50752342 6.21555343
 6.58053286 8.00304733 7.61312216 4.53107629 8.57504223 7.30761008
 8.95638819 7.60323639]",19.4078666,C5H4BrIN2,297.91,381233-96-1,Nc1ncc(Br)cc1I,Alasdair,7,0.379998898
19,150523/CAS_381233_96_1,13,31,20,0,298.8674,4.531076293,9.563156534,7.379998898,"[9.14598121 8.58969213 5.85688138 8.45598294 5.78319654 5.49699787
 9.56315653 6.5792917  7.4327329  6.80293237 8.50752342 6.21555343
 6.58053286 8.00304733 7.61312216 4.53107629 8.57504223 7.30761008
 8.95638819 7.60323639]",19.4078666,C5H4BrIN2,297.91,381233-96-1,Nc1ncc(Br)cc1I,Alasdair,7,0.379998898
20,150523/CAS_38428_14_7,27,41,373,0,304.2079,14.79935096,21.26291485,18.39836173,"[20.097582   18.29977123 16.96323273 21.26291485 18.43673566 19.44495157
 16.43052888 18.8162118  18.69260091 18.47367138 18.54454038 18.72403102
 16.53295571 17.20273857 16.49206796 20.63426193 20.50806084 18.11507377
 19.49595244 14.79935096]",20.71288883,C18H25NO3,303.4,38428-14-7,CC(C)COC(=O)N1c2ccccc2C=CC1OCC(C)C,Alasdair,13,5.398361729
21,150523/CAS_492431_11_5,24,57,124,0,299.1268,13.37389545,20.5656161,16.74782224,"[13.37389545 14.4290761  15.25379407 16.41882283 20.5656161  17.57554499
 18.34429501 16.07953826 19.08322629 18.74674309 17.81939203 16.94495052
 15.38102604 19.24408051 14.31472183 17.27707899 18.15996879 13.48971995
 17.55599642 14.89895752]",21.59014339,C13H19ClN4O2,287.77,492431-11-5,CC(C)(C)OC(=O)N1CCN(c2ccc(Cl)nn2)CC1,Alasdair,16,0.747822238
22,150523/CAS_492431_11_5,24,57,124,0,299.1268,13.37389545,20.5656161,16.74782224,"[13.37389545 14.4290761  15.25379407 16.41882283 20.5656161  17.57554499
 18.34429501 16.07953826 19.08322629 18.74674309 17.81939203 16.94495052
 15.38102604 19.24408051 14.31472183 17.27707899 18.15996879 13.48971995
 17.55599642 14.89895752]",21.59014339,C13H19ClN4O2,287.77,492431-11-5,CC(C)(C)OC(=O)N1CCN(c2ccc(Cl)nn2)CC1,Alasdair,16,0.747822238
23,150523/CAS_565209_29_2,29,97,87,0,301.1117,15.26452676,19.77636002,17.54282541,"[17.57313253 18.41162861 17.74947219 18.55077502 18.19073937 17.90632816
 19.08791279 19.77636002 19.28393369 16.90428343 15.97823537 15.30229728
 15.26452676 18.36160261 18.637695   15.54870959 17.68117389 15.53508471
 16.46138317 18.65123394]",20.76591674,C15H16N4OS,300.38,565209-29-2,S=c1[nH]nc(-c2c[nH]c3ccccc23)n1CC1CCCO1,Alasdair,17,0.542825406
24,150523/CAS_565209_29_2,29,97,87,0,301.1117,15.26452676,19.77636002,17.54282541,"[17.57313253 18.41162861 17.74947219 18.55077502 18.19073937 17.90632816
 19.08791279 19.77636002 19.28393369 16.90428343 15.97823537 15.30229728
 15.26452676 18.36160261 18.637695   15.54870959 17.68117389 15.53508471
 16.46138317 18.65123394]",20.76591674,C15H16N4OS,300.38,565209-29-2,S=c1[nH]nc(-c2c[nH]c3ccccc23)n1CC1CCCO1,Alasdair,17,0.542825406
25,150523/CAS_89524_98_1,8,15,14,0,298.1051,10.87141637,22.96265718,18.96902974,"[19.41821145 19.54002165 18.44180903 18.95715083 20.22905508 18.65998797
 15.61330297 21.49926233 17.52960261 22.96265718 20.18312021 18.58647229
 15.84454782 21.77022444 18.97468515 19.85167637 19.66597963 10.87141637
 21.24777155 19.53363982]",21.66827277,C10H20NO7P,297.24,89524-98-1,COC(=O)C(NC(=O)OC(C)(C)C)P(=O)(OC)OC,Alasdair,14,4.969029737
26,Alasdair-300MW/Sample_#10_Stepped_MS3,8,0,0,0,301.2671,12.05949752,22.9860717,19.44078733,"[19.97754755 19.22953282 18.8659547  17.50471389 20.62701129 20.55314725
 18.91363792 22.1963386  18.44088342 21.83449613 22.9860717  12.05949752
 17.51736901 19.30601437 18.19628269 12.4264045  22.42899203 21.33601769
 22.86419153 21.55164204]",21.95707737,C17H36N2S,300.554,109-40-0,CCCCCCCCNC(=S)NCCCCCCCC,Alasdair,8,11.44078733
27,Alasdair-300MW/Sample_#12_Stepped_MS3,46,0,0,0,303.8788,11.27155942,20.70779628,15.79268918,"[11.27155942 14.78020291 15.28655301 13.01034198 16.99301144 15.34818606
 17.09672885 13.42958655 14.25583355 17.96400596 17.84220931 15.77175362
 17.49233364 13.90790758 20.70779628 16.89268532 18.00525451 15.73886426
 16.71241925 13.34655004]",21.45067183,C9H5Br2NO,302.95,521-74-4,Oc1c(Br)cc(Br)c2cccnc12,Alasdair,9,6.792689177
28,Alasdair-300MW/Sample_#14_Stepped_MS3,32,0,0,0,302.0844,14.33897362,23.77403,19.42288238,"[17.80609212 19.1372176  23.77403    20.86540164 16.92794205 19.6149355
 19.74543484 15.83404334 18.71179377 16.91265655 23.04515661 21.52808709
 18.6768874  20.24069047 22.39373901 19.58759566 19.4029924  20.64169785
 14.33897362 19.27228009]",20.57914417,C16H15NO3S,301.4,42399-49-5,COc1ccc([C@@H]2Sc3ccccc3NC(=O)[C@@H]2O)cc1,Alasdair,14,5.42288238
29,Alasdair-300MW/Sample_#15_Stepped_MS3,126,0,0,0,296.2583,10.10893437,18.6315106,14.9863795,"[15.67602345 13.76561709 12.54579996 16.15792519 18.6315106  15.66782327
 16.59735769 14.05293022 17.70642238 15.50726315 12.85213935 13.7205246
 14.40676712 10.10893437 15.8556246  15.21033215 14.79534724 14.83855857
 17.48182026 14.14886873]",20.15218667,C10H20NO7P,297.2,89524-98-1,COC(=O)C(NC(=O)OC(C)(C)C)P(=O)(OC)OC,Alasdair,14,0.9863795
30,Alasdair-300MW/Sample_#17_Stepped_MS3,74,0,0,0,303.0753,16.13717189,22.22776475,19.05062979,"[16.13717189 22.01166261 20.38471759 16.5790288  18.29537654 18.37382313
 19.58036532 19.40980949 21.99080421 19.81126837 17.32672021 16.27708618
 18.64130361 18.6579625  17.36523511 16.4330746  21.00370609 22.22776475
 20.10654094 20.39917391]",20.16425099,C10H14N4O5S,302.3,328028-19-9,NNc1ccc(S(=O)(=O)N2CCOCC2)cc1[N+](=O)[O-],Alasdair,15,4.050629792
31,Alasdair-300MW/Sample_#17_Stepped_MS3,74,0,0,0,303.0753,16.13717189,22.22776475,19.05062979,"[16.13717189 22.01166261 20.38471759 16.5790288  18.29537654 18.37382313
 19.58036532 19.40980949 21.99080421 19.81126837 17.32672021 16.27708618
 18.64130361 18.6579625  17.36523511 16.4330746  21.00370609 22.22776475
 20.10654094 20.39917391]",20.16425099,C10H14N4O5S,302.3,328028-19-9,NNc1ccc(S(=O)(=O)N2CCOCC2)cc1[N+](=O)[O-],Alasdair,15,4.050629792
32,Alasdair-300MW/Sample_#18_Stepped_MS3,10,0,0,0,305.9617,15.59702399,24.26920205,19.53345926,"[16.46633659 23.46441507 16.13789719 15.59702399 20.78690783 21.52197979
 18.53389077 18.37105092 21.73615744 21.30728748 20.85065543 19.29290579
 23.07997097 17.79949186 18.81474138 20.45279141 18.20065209 17.66959474
 24.26920205 16.31623238]",20.13935517,C9H8INO3,305.1,147-58-0,O=C(O)CNC(=O)c1ccccc1I,Alasdair,10,9.533459259
33,Alasdair-300MW/Sample_#19_Stepped_MS3,50,0,0,0,301.9545,9.40642288,14.97131946,12.11521993,"[13.02540834 11.24557834 13.04047257 12.0133151  11.03712277 11.31019616
 10.52968801 11.70819237 13.37282364 14.97131946 11.51574745 13.24364003
 13.66923922  9.40642288 10.61697758 12.12715935 11.13663871 11.6438466
 12.44451321 14.24609682]",20.90056266,C9H7IN2O2,302.1,885518-82-1,COC(=O)c1ccc2c(I)[nH]nc2c1,Alasdair,11,1.11521993
34,Alasdair-300MW/Sample_#22_Stepped_MS3,103,0,0,0,299.2691,12.28186968,18.11796758,14.63025144,"[14.67779626 14.70155383 16.1368256  15.10823814 14.60962317 12.3943194
 15.01660415 16.4298037  13.09785601 14.9547204  14.08491392 12.28186968
 14.33475539 14.12596858 13.10491357 12.39354205 15.20670423 15.20387545
 16.62317775 18.11796758]",21.09904602,C17H34N2O2,298.5,18073-84-2,OCCN1CCC(CCCC2CCN(CCO)CC2)CC1,Alasdair,8,6.630251443
35,Alasdair-300MW/Sample_#22_Stepped_MS3,103,0,0,0,299.2691,12.28186968,18.11796758,14.63025144,"[14.67779626 14.70155383 16.1368256  15.10823814 14.60962317 12.3943194
 15.01660415 16.4298037  13.09785601 14.9547204  14.08491392 12.28186968
 14.33475539 14.12596858 13.10491357 12.39354205 15.20670423 15.20387545
 16.62317775 18.11796758]",21.09904602,C17H34N2O2,298.5,18073-84-2,OCCN1CCC(CCCC2CCN(CCO)CC2)CC1,Alasdair,8,6.630251443
36,Alasdair-300MW/Sample_#23_Stepped_MS3,15,0,0,0,304.7739,11.4282188,18.60914824,15.07386013,"[13.35724    14.93497681 15.61362259 16.96390859 16.70430799 12.86171318
 16.79723458 12.67214684 15.49138287 18.60914824 15.27489677 14.55640025
 11.49751301 17.47402331 17.14767407 11.4282188  15.27175663 16.18623688
 15.39589925 13.23890193]",22.16225495,C3HBr3N2,304.8,17635-44-8,Brc1n[nH]c(Br)c1Br,Alasdair,7,8.07386013
37,Alasdair-300MW/Sample_#23_Stepped_MS3,15,0,0,0,304.7739,11.4282188,18.60914824,15.07386013,"[13.35724    14.93497681 15.61362259 16.96390859 16.70430799 12.86171318
 16.79723458 12.67214684 15.49138287 18.60914824 15.27489677 14.55640025
 11.49751301 17.47402331 17.14767407 11.4282188  15.27175663 16.18623688
 15.39589925 13.23890193]",22.16225495,C3HBr3N2,304.8,17635-44-8,Brc1n[nH]c(Br)c1Br,Alasdair,7,8.07386013
38,Alasdair-300MW/Sample_#24_Stepped_MS3,6,0,0,0,302.0649,13.38949993,24.88920576,20.4236145,"[16.96433212 17.15909805 19.92036973 23.08826613 20.64879036 18.69601664
 23.64609129 23.14401599 20.13076136 24.88920576 20.98272777 21.19339273
 20.04574676 20.19844184 23.8620493  13.38949993 19.44494351 19.76687297
 18.37733636 22.92433131]",20.28745332,C10H12ClN5O4,301.7,146-77-0,Nc1nc(Cl)nc2c1ncn2[C@@H]1O[C@H](CO)[C@@H](O)[C@H]1O,Alasdair,14,6.423614495
39,Alasdair-300MW/Sample_#24_Stepped_MS3,6,0,0,0,302.0649,13.38949993,24.88920576,20.4236145,"[16.96433212 17.15909805 19.92036973 23.08826613 20.64879036 18.69601664
 23.64609129 23.14401599 20.13076136 24.88920576 20.98272777 21.19339273
 20.04574676 20.19844184 23.8620493  13.38949993 19.44494351 19.76687297
 18.37733636 22.92433131]",20.28745332,C10H12ClN5O4,301.7,146-77-0,Nc1nc(Cl)nc2c1ncn2[C@@H]1O[C@H](CO)[C@@H](O)[C@H]1O,Alasdair,14,6.423614495
40,Alasdair-300MW/Sample_#25_Stepped_MS3,33,0,0,0,303.04085,16.2856999,23.47052976,19.89473346,"[19.04933675 18.5342499  21.8661599  19.95988    21.1084717  18.2692691
 17.08594488 23.47052976 17.13130303 20.3709077  20.31764911 16.2856999
 20.08758734 20.61515334 20.4924039  23.0728675  21.23607096 21.79722128
 18.6481339  18.49582919]",21.47304699,C12H9F3N2O2S,302.3,1038335-12-4,O=C(O)CSc1nccn1-c1ccc(C(F)(F)F)cc1,Alasdair,17,2.894733456
41,Alasdair-300MW/Sample_#25_Stepped_MS3,33,0,0,0,303.04085,16.2856999,23.47052976,19.89473346,"[19.04933675 18.5342499  21.8661599  19.95988    21.1084717  18.2692691
 17.08594488 23.47052976 17.13130303 20.3709077  20.31764911 16.2856999
 20.08758734 20.61515334 20.4924039  23.0728675  21.23607096 21.79722128
 18.6481339  18.49582919]",21.47304699,C12H9F3N2O2S,302.3,1038335-12-4,O=C(O)CSc1nccn1-c1ccc(C(F)(F)F)cc1,Alasdair,17,2.894733456
42,Alasdair-300MW/Sample_#26_Stepped_MS3,6,0,0,0,296.0237,13.58138269,23.60724589,19.03831485,"[16.41764531 20.90807656 20.07761021 19.07216139 20.08612102 17.60199074
 15.39914851 18.12455538 20.93167116 21.05755458 18.42976287 20.51045901
 18.20052241 13.58138269 21.12410133 16.63585515 23.60724589 20.2027558
 18.93236524 19.86531169]",19.09681928,C14H11Cl2NO2,296.1,15307-86-5,O=C(O)Cc1ccccc1Nc1c(Cl)cccc1Cl,Alasdair,11,8.038314847
43,Alasdair-300MW/Sample_#27_Stepped_MS3,15,0,0,0,304.9098,8.742201484,17.17382472,12.69813993,"[10.25542884 12.92554634 13.50016344 12.59715237 10.470652    9.44932334
 14.99515166 10.29166241 14.40869545 11.08887339  8.74220148 14.16847009
 13.97127394 12.86019345 17.17382472 13.58851564 13.69944271 14.59333823
 13.05584248 12.12704666]",20.15773173,C9H5ClINO,305.5,130-26-7,Oc1c(I)cc(Cl)c2cccnc12,Alasdair,9,3.698139932
44,Alasdair-300MW/Sample_#28_Stepped_MS3,21,0,0,0,297.8596,9.199830142,14.98002606,12.06389341,"[ 9.19983014 13.0492259   9.21811625 13.90859979 12.03507249 10.91210126
 12.11016853 13.2885997  11.05262703 13.3042884  14.98002606 10.37453905
 10.43492397 12.15346923 12.45261163 13.31127138 11.62629425 11.97996075
 14.60240709 11.28373533]",20.38105445,C5H4BrIN2,298.9,381233-96-1,Nc1ncc(Br)cc1I,Alasdair,7,5.063893411
45,Alasdair-300MW/Sample_#28_Stepped_MS3,21,0,0,0,297.8596,9.199830142,14.98002606,12.06389341,"[ 9.19983014 13.0492259   9.21811625 13.90859979 12.03507249 10.91210126
 12.11016853 13.2885997  11.05262703 13.3042884  14.98002606 10.37453905
 10.43492397 12.15346923 12.45261163 13.31127138 11.62629425 11.97996075
 14.60240709 11.28373533]",20.38105445,C5H4BrIN2,298.9,381233-96-1,Nc1ncc(Br)cc1I,Alasdair,7,5.063893411
46,Alasdair-300MW/Sample_#29_Stepped_MS3,29,0,0,0,303.1674,16.47930887,22.69736567,18.9581057,"[17.7354574  17.65811599 17.50091265 16.51958514 18.67869608 19.98648024
 19.13320633 18.6309593  22.69736567 21.48898417 21.74429383 19.07220236
 19.05489308 16.47930887 20.50672719 17.13080741 18.26917635 17.8785588
 19.38065596 19.61572707]",20.8757583,C16H20BFN2O2,302.2,2246882-18-6,CC1(C)OB(c2cc(F)cc(Cn3ccnc3)c2)OC1(C)C,Alasdair,18,0.958105695
47,Alasdair-300MW/Sample_#9_Stepped_MS3,14,0,0,0,304.1266,16.98772679,22.9013141,19.81569952,"[20.25094076 21.08043393 21.26843539 18.90270686 21.36824484 19.23747968
 19.02569456 20.32800972 21.42854202 21.92633239 19.60622716 16.98772679
 17.82718104 18.15032587 18.43871027 22.70518851 22.9013141  17.42795667
 19.8037995  17.64874036]",20.65404306,C13H16F3N3O2,303.28,1031929-07-3,O=C(O)CCN1CCN(c2ccc(C(F)(F)F)cn2)CC1,Alasdair,15,4.815699521
48,Alasdair_MS5/Sample_#10_MS5,7,17,556,147,301.2671,15.54072031,20.17728991,17.45306601,"[18.66139246 17.39266497 15.54072031 16.42230326 17.20469232 18.79018611
 17.31542722 17.14882071 16.29215365 16.50975335 18.96452768 17.49068594
 16.06856948 18.37569051 20.17728991 17.6094629  18.18580475 17.35948001
 16.70271483 16.84897992]",21.95707737,C17H36N2S,300.554,109-40-0,CCCCCCCCNC(=S)NCCCCCCCC,Alasdair,8,9.453066014
49,Alasdair_MS5/Sample_#12_MS5,29,72,87,43,303.8788,8.182754599,13.30516811,10.73349681,"[10.28552331 12.74847712 10.40598041 12.27610549  9.19676412  9.32729384
 10.45291897 13.30516811 10.69554571 11.67252631 11.03955436 11.55660711
 11.01333918  9.78803147 10.37809788  8.1827546  12.42305667 10.30269882
  9.7141097   9.90538301]",21.45067183,C9H5Br2NO,302.95,521-74-4,Oc1c(Br)cc(Br)c2cccnc12,Alasdair,9,1.73349681
50,Alasdair_MS5/Sample_#14_MS5,11,66,47,25,302.0843,13.39274766,22.67355227,18.438163,"[22.67355227 19.47833046 19.8090308  20.73127875 19.0380398  18.01091214
 16.9629517  18.66925079 16.29136487 18.69139024 19.70263628 16.05730854
 13.39274766 20.68911984 15.15067097 19.17252414 16.32856267 21.41558653
 20.29841841 16.19958312]",21.61476205,C16H15NO3S,301.4,42399-49-5,COc1ccc([C@@H]2Sc3ccccc3NC(=O)[C@@H]2O)cc1,Alasdair,14,4.438162998
51,Alasdair_MS5/Sample_#15_MS5,123,138,11,0,296.2583,10.76063721,16.5004244,13.77758781,"[13.36263872 10.82815219 13.30631881 13.23988249 16.13374702 10.76063721
 13.92771829 11.97639041 14.15148322 16.10979217 14.12879387 14.70442925
 13.38728994 14.19392878 16.5004244  13.33894861 11.19425476 15.67957929
 15.4927908  13.13455597]",20.15218667,C10H20NO7P,297.2,89524-98-1,COC(=O)C(NC(=O)OC(C)(C)C)P(=O)(OC)OC,Alasdair,14,0.22241219
52,Alasdair_MS5/Sample_#17_MS5,47,125,88,559,303.0753,14.10299452,22.32674027,17.98355417,"[16.16767186 22.32674027 14.10299452 18.24351949 18.51789035 18.17432414
 18.75908327 15.75238864 19.58641478 15.84420584 15.12687413 19.63020779
 18.46419118 15.80364512 15.58771413 21.05987515 19.12379822 19.94634862
 17.52374805 19.92944777]",20.16425099,C10H14N4O5S,302.3,328028-19-9,NNc1ccc(S(=O)(=O)N2CCOCC2)cc1[N+](=O)[O-],Alasdair,15,2.983554166
53,Alasdair_MS5/Sample_#17_MS5,47,125,88,559,303.0753,14.10299452,22.32674027,17.98355417,"[16.16767186 22.32674027 14.10299452 18.24351949 18.51789035 18.17432414
 18.75908327 15.75238864 19.58641478 15.84420584 15.12687413 19.63020779
 18.46419118 15.80364512 15.58771413 21.05987515 19.12379822 19.94634862
 17.52374805 19.92944777]",20.16425099,C10H14N4O5S,302.3,328028-19-9,NNc1ccc(S(=O)(=O)N2CCOCC2)cc1[N+](=O)[O-],Alasdair,15,2.983554166
54,Alasdair_MS5/Sample_#18_MS5,4,19,34,24,305.962,8.696395211,14.25216199,11.04496213,"[13.15496814 11.02054389 11.71267131 14.25216199 11.43051963 11.826454
 10.21623975  9.50887323 11.33436109 11.08734667  8.69639521 12.40411071
 13.04800705 13.33737371  9.09309215 10.3481857   9.87471334  9.1879689
  8.92740302 10.43785313]",20.78557257,C9H8INO3,305.1,147-58-0,O=C(O)CNC(=O)c1ccccc1I,Alasdair,10,1.044962132
55,Alasdair_MS5/Sample_#19_MS5,25,54,39,21,301.9545,8.141359337,13.3167344,10.89970479,"[ 8.95764143 12.98287727 10.06600141 12.2095519  13.18384555 10.26597034
  9.77557692 11.07066472 12.6319599   9.97580029  9.51720258 11.88612114
  8.14135934  9.24275289 11.9857602   9.70491209 12.46411441 11.09230803
 13.3167344   9.522941  ]",20.90056266,C9H7IN2O2,302.1,885518-82-1,COC(=O)c1ccc2c(I)[nH]nc2c1,Alasdair,11,0.100295211
56,Alasdair_MS5/Sample_#22_MS5,34,82,127,212,299.269,14.94106721,21.71528503,18.36905295,"[17.7091569  19.88713716 17.33929246 19.77458809 20.05936609 19.92717613
 20.94330893 19.23677923 20.46382798 15.90069335 16.22478206 17.82156974
 21.71528503 18.085224   17.40998565 16.1952288  15.87311804 14.94106721
 19.83385724 18.03961485]",21.35626935,C17H34N2O2,298.5,18073-84-2,OCCN1CCC(CCCC2CCN(CCO)CC2)CC1,Alasdair,8,10.36905295
57,Alasdair_MS5/Sample_#22_MS5,34,82,127,212,299.269,14.94106721,21.71528503,18.36905295,"[17.7091569  19.88713716 17.33929246 19.77458809 20.05936609 19.92717613
 20.94330893 19.23677923 20.46382798 15.90069335 16.22478206 17.82156974
 21.71528503 18.085224   17.40998565 16.1952288  15.87311804 14.94106721
 19.83385724 18.03961485]",21.35626935,C17H34N2O2,298.5,18073-84-2,OCCN1CCC(CCCC2CCN(CCO)CC2)CC1,Alasdair,8,10.36905295
58,Alasdair_MS5/Sample_#23_MS5,3,19,32,14,304.774,6.268998286,11.61055934,10.26789365,"[ 8.94110111  6.26899829  9.90480907  8.84278748 11.61055934 10.70650302
 11.40604444  9.08202089  9.75898246 11.44395825 10.55237119 11.13481407
 11.54994151  9.40445207 10.74515885 11.55612896 10.10461382 11.44699664
 10.46512751 10.43250406]",21.05386714,C3HBr3N2,304.8,17635-44-8,Brc1n[nH]c(Br)c1Br,Alasdair,7,3.267893652
59,Alasdair_MS5/Sample_#23_MS5,3,19,32,14,304.774,6.268998286,11.61055934,10.26789365,"[ 8.94110111  6.26899829  9.90480907  8.84278748 11.61055934 10.70650302
 11.40604444  9.08202089  9.75898246 11.44395825 10.55237119 11.13481407
 11.54994151  9.40445207 10.74515885 11.55612896 10.10461382 11.44699664
 10.46512751 10.43250406]",21.05386714,C3HBr3N2,304.8,17635-44-8,Brc1n[nH]c(Br)c1Br,Alasdair,7,3.267893652
60,Alasdair_MS5/Sample_#24_MS5,3,9,15,20,302.0649,15.49561719,21.51168815,18.79123408,"[21.51168815 17.63692103 18.43914835 18.36263475 20.01600139 16.04804957
 20.6929532  18.47546625 19.1200765  17.61159848 16.87628772 20.16353186
 21.50806581 19.13077596 17.30673143 20.63855681 17.59001516 21.0297614
 15.49561719 18.17080048]",20.28745332,C10H12ClN5O4,301.7,146-77-0,Nc1nc(Cl)nc2c1ncn2[C@@H]1O[C@H](CO)[C@@H](O)[C@H]1O,Alasdair,14,4.791234075
61,Alasdair_MS5/Sample_#24_MS5,3,9,15,20,302.0649,15.49561719,21.51168815,18.79123408,"[21.51168815 17.63692103 18.43914835 18.36263475 20.01600139 16.04804957
 20.6929532  18.47546625 19.1200765  17.61159848 16.87628772 20.16353186
 21.50806581 19.13077596 17.30673143 20.63855681 17.59001516 21.0297614
 15.49561719 18.17080048]",20.28745332,C10H12ClN5O4,301.7,146-77-0,Nc1nc(Cl)nc2c1ncn2[C@@H]1O[C@H](CO)[C@@H](O)[C@H]1O,Alasdair,14,4.791234075
62,Alasdair_MS5/Sample_#25_MS5,9,32,104,39,303.0407,14.30122539,23.84363992,19.12075384,"[19.60875369 19.11603413 19.66823892 18.95850056 23.84363992 19.8378866
 22.68472439 17.80475984 20.60310632 19.10619888 18.4746744  17.54121412
 19.25506036 19.0029404  16.69018874 21.51844874 17.60171682 19.61299248
 14.30122539 17.18477199]",20.36795428,C12H9F3N2O2S,302.3,1038335-12-4,O=C(O)CSc1nccn1-c1ccc(C(F)(F)F)cc1,Alasdair,17,2.120753835
63,Alasdair_MS5/Sample_#25_MS5,9,32,104,39,303.0407,14.30122539,23.84363992,19.12075384,"[19.60875369 19.11603413 19.66823892 18.95850056 23.84363992 19.8378866
 22.68472439 17.80475984 20.60310632 19.10619888 18.4746744  17.54121412
 19.25506036 19.0029404  16.69018874 21.51844874 17.60171682 19.61299248
 14.30122539 17.18477199]",20.36795428,C12H9F3N2O2S,302.3,1038335-12-4,O=C(O)CSc1nccn1-c1ccc(C(F)(F)F)cc1,Alasdair,17,2.120753835
64,Alasdair_MS5/Sample_#26_MS5,10,11,32,16,296.0236,12.68993413,21.29693187,17.27790239,"[15.53426968 15.55464984 16.7484843  12.68993413 15.7207804  13.89579753
 16.71821494 20.21792925 21.15916588 17.55568254 13.86455053 19.73748765
 17.70324171 19.92538624 21.29693187 16.11956216 17.73838834 17.90191619
 17.39977193 18.07590269]",20.82342056,C14H11Cl2NO2,296.1,15307-86-5,O=C(O)Cc1ccccc1Nc1c(Cl)cccc1Cl,Alasdair,11,6.27790239
65,Alasdair_MS5/Sample_#27_MS5,13,32,39,46,304.9098,7.610887395,12.34278661,10.33901698,"[ 9.4649763   8.95505771 10.69828787  8.53712792 10.31914902  9.63721988
 11.72151037  8.85318931  7.61088739 11.31150216 10.69527809  9.86966716
 11.64836072 10.12626349 11.35087667 12.34278661 11.1688696  12.29608347
  9.12703468 11.0462112 ]",20.15773173,C9H5ClINO,305.5,130-26-7,Oc1c(I)cc(Cl)c2cccnc12,Alasdair,9,1.339016981
66,Alasdair_MS5/Sample_#28_MS5,9,41,20,11,297.8595,5.597133758,9.189642999,7.274599947,"[8.09802555 6.59492902 7.8666805  8.26143699 7.68685143 5.78197373
 6.12942068 8.25479202 7.00511387 6.57257967 7.77339546 5.59713376
 9.189643   7.84372028 5.87806999 6.70624917 6.10443034 8.07827552
 7.9916834  8.07759456]",19.37930885,C5H4BrIN2,298.9,381233-96-1,Nc1ncc(Br)cc1I,Alasdair,7,0.274599947
67,Alasdair_MS5/Sample_#28_MS5,9,41,20,11,297.8595,5.597133758,9.189642999,7.274599947,"[8.09802555 6.59492902 7.8666805  8.26143699 7.68685143 5.78197373
 6.12942068 8.25479202 7.00511387 6.57257967 7.77339546 5.59713376
 9.189643   7.84372028 5.87806999 6.70624917 6.10443034 8.07827552
 7.9916834  8.07759456]",19.37930885,C5H4BrIN2,298.9,381233-96-1,Nc1ncc(Br)cc1I,Alasdair,7,0.274599947
68,Alasdair_MS5/Sample_#29_MS5,4,28,103,110,303.1675,15.27520565,22.78017643,18.48791449,"[16.95093915 16.93863656 22.78017643 17.53829857 20.36110931 22.20073508
 21.15514309 19.61095863 17.5257802  17.93441998 16.65814858 16.82626208
 15.57213658 18.94314655 17.47618556 20.06721088 16.52343597 15.27520565
 18.91477462 20.50558626]",22.33163426,C16H20BFN2O2,302.2,2246882-18-6,CC1(C)OB(c2cc(F)cc(Cn3ccnc3)c2)OC1(C)C,Alasdair,18,0.487914486
69,Alasdair_MS5/Sample_#9_MS5,13,76,152,116,304.1265,14.45802778,21.59219515,17.51456981,"[16.75486555 15.67173042 17.2724531  15.49341108 17.45638635 19.30146817
 14.45802778 15.05538866 16.486817   18.86091633 16.86905759 18.67538298
 14.73834722 19.41374636 18.34154455 20.28765376 21.59219515 17.52440968
 19.38928441 16.64830999]",20.08214665,C13H16F3N3O2,303.28,1031929-07-3,O=C(O)CCN1CCN(c2ccc(C(F)(F)F)cn2)CC1,Alasdair,15,2.514569807
70,110523/CAS_100442_33_9,26,29,106,0,298.2165,14.51612707,22.89906621,17.37483165,"[17.47908389 14.96996731 17.13054932 17.33412669 14.51612707 17.88399337
 18.18164386 22.89906621 15.83711466 15.47815602 18.50782934 15.56584827
 16.89111369 16.44718779 19.48884975 16.91367245 19.67080231 15.16883293
 19.40066135 17.73200679]",20.96655382,C20H27NO,297.43,100442-33-9,CN(CCC(c1ccccc1)c1ccccc1)CC(C)(C)O,Alasdair,12,5.374831653
71,110523/CAS_1306606_88_1,45,129,113,0,305.0565,13.0157065,22.14654138,18.32489989,"[18.78917388 18.87812938 19.62279599 18.95345706 13.0157065  22.14654138
 19.80516772 21.53087595 20.12723883 15.09827561 15.34033002 16.76433589
 17.33035851 16.36720767 17.67580361 18.00508514 17.63128267 19.32794563
 21.23954577 18.84874054]",20.57847254,C12H11F3N2O2S,304.29,1306606-88-1,CCc1ccc2nc(NC(=O)OCC(F)(F)F)sc2c1,Alasdair,18,0.324899888
72,110523/CAS_1306606_88_1,45,129,113,0,305.0565,13.0157065,22.14654138,18.32489989,"[18.78917388 18.87812938 19.62279599 18.95345706 13.0157065  22.14654138
 19.80516772 21.53087595 20.12723883 15.09827561 15.34033002 16.76433589
 17.33035851 16.36720767 17.67580361 18.00508514 17.63128267 19.32794563
 21.23954577 18.84874054]",20.57847254,C12H11F3N2O2S,304.29,1306606-88-1,CCc1ccc2nc(NC(=O)OCC(F)(F)F)sc2c1,Alasdair,18,0.324899888
73,110523/CAS_13139_14_5,27,108,106,0,305.1495,12.04120461,24.72144358,18.32322518,"[16.35932194 15.93120897 15.11849972 24.72144358 18.69842627 20.9680271
 20.48406675 18.07047449 20.47645709 18.83904741 15.50855528 21.20565504
 16.41253981 12.04120461 17.85288395 17.95432834 21.56644614 16.71717013
 18.97321043 18.5655365 ]",21.4708507,C16H20N2O4,304.34,13139-14-5,CC(C)(C)OC(=O)N[C@@H](Cc1c[nH]c2ccccc12)C(=O)O,Alasdair,15,3.323225178
74,110523/CAS_29632_73_3,22,91,35,0,297.8721,4.738763125,8.866260616,6.675147502,"[7.36132432 7.35925583 7.57730227 8.09752533 6.51456277 6.92476638
 4.94753909 6.34899184 5.65257436 4.73876312 7.74692502 7.06721782
 8.86626062 5.35912242 6.99411044 6.54694227 6.23093902 8.0128704
 5.22847295 5.92748375]",20.41292006,C6H5BrIN,297.92,29632-73-3,Nc1ccc(I)cc1Br,Alasdair,6,0.675147502
75,110523/CAS_492431_11_5,24,57,124,0,299.1268,13.37389545,20.5656161,16.74782224,"[13.37389545 14.4290761  15.25379407 16.41882283 20.5656161  17.57554499
 18.34429501 16.07953826 19.08322629 18.74674309 17.81939203 16.94495052
 15.38102604 19.24408051 14.31472183 17.27707899 18.15996879 13.48971995
 17.55599642 14.89895752]",21.59014339,C13H19ClN4O2,298.77,492431-11-5,CC(C)(C)OC(=O)N1CCN(c2ccc(Cl)nn2)CC1,Alasdair,16,0.747822238
76,110523/CAS_492431_11_5,24,57,124,0,299.1268,13.37389545,20.5656161,16.74782224,"[13.37389545 14.4290761  15.25379407 16.41882283 20.5656161  17.57554499
 18.34429501 16.07953826 19.08322629 18.74674309 17.81939203 16.94495052
 15.38102604 19.24408051 14.31472183 17.27707899 18.15996879 13.48971995
 17.55599642 14.89895752]",21.59014339,C13H19ClN4O2,298.77,492431-11-5,CC(C)(C)OC(=O)N1CCN(c2ccc(Cl)nn2)CC1,Alasdair,16,0.747822238
77,110523/CAS_565209_29_2,29,97,87,0,301.1117,15.26452676,19.77636002,17.54282541,"[17.57313253 18.41162861 17.74947219 18.55077502 18.19073937 17.90632816
 19.08791279 19.77636002 19.28393369 16.90428343 15.97823537 15.30229728
 15.26452676 18.36160261 18.637695   15.54870959 17.68117389 15.53508471
 16.46138317 18.65123394]",20.76591674,C15H16N4OS,300.38,565209-29-2,S=c1[nH]nc(-c2c[nH]c3ccccc23)n1CC1CCCO1,Alasdair,17,0.542825406
78,110523/CAS_565209_29_2,29,97,87,0,301.1117,15.26452676,19.77636002,17.54282541,"[17.57313253 18.41162861 17.74947219 18.55077502 18.19073937 17.90632816
 19.08791279 19.77636002 19.28393369 16.90428343 15.97823537 15.30229728
 15.26452676 18.36160261 18.637695   15.54870959 17.68117389 15.53508471
 16.46138317 18.65123394]",20.76591674,C15H16N4OS,300.38,565209-29-2,S=c1[nH]nc(-c2c[nH]c3ccccc23)n1CC1CCCO1,Alasdair,17,0.542825406
79,100523/20589_MS4_Multi_EV_MS1fixc,93,615,0,0,299.2692,14.66413616,21.58479775,17.53082603,"[15.65959835 15.28332237 15.30232684 18.88514635 15.86609336 20.16358105
 20.50503076 18.62395569 17.88873384 18.82210466 19.01007699 21.58479775
 14.9797612  14.81957712 14.66413616 15.9862649  17.35140932 19.42515135
 17.16485582 18.63059678]",20.85273139,C17H34N2O2,298.5,18073-84-2,OCCN1CCC(CCCC2CCN(CCO)CC2)CC1,Alasdair,8,9.530826032
80,100523/20589_MS4_Multi_EV_MS1fixc,93,615,0,0,299.2692,14.66413616,21.58479775,17.53082603,"[15.65959835 15.28332237 15.30232684 18.88514635 15.86609336 20.16358105
 20.50503076 18.62395569 17.88873384 18.82210466 19.01007699 21.58479775
 14.9797612  14.81957712 14.66413616 15.9862649  17.35140932 19.42515135
 17.16485582 18.63059678]",20.85273139,C17H34N2O2,298.5,18073-84-2,OCCN1CCC(CCCC2CCN(CCO)CC2)CC1,Alasdair,8,9.530826032
81,100523/73912_MS4_Multi_EV_MS1fixb,17,37,74,0,303.0409,13.95409748,22.27605,18.17701054,"[18.8842478  17.66670185 15.37614863 18.70578402 20.10533437 15.95689955
 22.27605    20.06705735 17.89588904 18.07488256 13.95409748 19.8772333
 14.22908386 15.51868982 16.0485221  17.47073125 19.0993734  21.36853393
 21.84954655 19.11540384]",20.45622675,C12H9F3N2O2S,302.28,1038335-12-4,O=C(O)CSc1nccn1-c1ccc(C(F)(F)F)cc1,Alasdair,17,1.177010536
82,100523/73912_MS4_Multi_EV_MS1fixb,17,37,74,0,303.0409,13.95409748,22.27605,18.17701054,"[18.8842478  17.66670185 15.37614863 18.70578402 20.10533437 15.95689955
 22.27605    20.06705735 17.89588904 18.07488256 13.95409748 19.8772333
 14.22908386 15.51868982 16.0485221  17.47073125 19.0993734  21.36853393
 21.84954655 19.11540384]",20.45622675,C12H9F3N2O2S,302.28,1038335-12-4,O=C(O)CSc1nccn1-c1ccc(C(F)(F)F)cc1,Alasdair,17,1.177010536
83,060523/20589_MS4_Multi_EV,106,43,57,0,299.2692,12.09245992,19.24472471,15.6446232,"[15.3689099  18.48461829 17.14597391 16.92033281 15.60098861 18.79469107
 16.14647273 12.09245992 13.02835955 14.66327031 18.14619975 16.38285485
 14.97588731 12.80769585 13.66205083 17.85732805 19.24472471 14.52103788
 14.21630557 12.8323021 ]",20.85273139,C17H34N2O2,298.5,18073-84-2,OCCN1CCC(CCCC2CCN(CCO)CC2)CC1,Alasdair,8,7.6446232
84,060523/20589_MS4_Multi_EV,106,43,57,0,299.2692,12.09245992,19.24472471,15.6446232,"[15.3689099  18.48461829 17.14597391 16.92033281 15.60098861 18.79469107
 16.14647273 12.09245992 13.02835955 14.66327031 18.14619975 16.38285485
 14.97588731 12.80769585 13.66205083 17.85732805 19.24472471 14.52103788
 14.21630557 12.8323021 ]",20.85273139,C17H34N2O2,298.5,18073-84-2,OCCN1CCC(CCCC2CCN(CCO)CC2)CC1,Alasdair,8,7.6446232
85,060523/73912_MS4_Multi_EV,19,89,193,0,303.0409,14.13502634,21.57955943,18.25297601,"[17.47300579 16.61904973 18.09761607 21.55441803 14.13502634 16.45280255
 20.56470707 18.53433419 20.66588815 16.97029246 16.34972893 20.41275949
 17.39984883 17.69605464 18.43399898 14.13604156 21.17129419 21.57955943
 18.26143558 18.55165814]",20.45622675,C12H9F3N2O2S,302.28,1038335-12-4,O=C(O)CSc1nccn1-c1ccc(C(F)(F)F)cc1,Alasdair,17,1.252976007
86,060523/73912_MS4_Multi_EV,19,89,193,0,303.0409,14.13502634,21.57955943,18.25297601,"[17.47300579 16.61904973 18.09761607 21.55441803 14.13502634 16.45280255
 20.56470707 18.53433419 20.66588815 16.97029246 16.34972893 20.41275949
 17.39984883 17.69605464 18.43399898 14.13604156 21.17129419 21.57955943
 18.26143558 18.55165814]",20.45622675,C12H9F3N2O2S,302.28,1038335-12-4,O=C(O)CSc1nccn1-c1ccc(C(F)(F)F)cc1,Alasdair,17,1.252976007
87,050523/EN300_20589_MS3_35EV_050523,113,292,0,0,299.2692,8.142647575,14.19014135,12.1050728,"[13.58964106 14.05004873 11.99114924 12.18116254 12.45867803 12.0775802
  9.56087761 13.44873522 11.79252573  8.14264757 10.62021175 13.08425603
 10.8807302  14.19014135 12.93078736 12.20436056 11.25194609 12.37628809
 13.75259938 11.51708932]",20.85273139,C17H34N2O2,298.5,18073-84-2,OCCN1CCC(CCCC2CCN(CCO)CC2)CC1,Alasdair,8,4.105072804
88,050523/EN300_20589_MS3_35EV_050523,113,292,0,0,299.2692,8.142647575,14.19014135,12.1050728,"[13.58964106 14.05004873 11.99114924 12.18116254 12.45867803 12.0775802
  9.56087761 13.44873522 11.79252573  8.14264757 10.62021175 13.08425603
 10.8807302  14.19014135 12.93078736 12.20436056 11.25194609 12.37628809
 13.75259938 11.51708932]",20.85273139,C17H34N2O2,298.5,18073-84-2,OCCN1CCC(CCCC2CCN(CCO)CC2)CC1,Alasdair,8,4.105072804
89,050523/EN300_20589_MS3_55EV_050523,111,282,0,0,299.2692,9.920271342,16.17173794,13.30048217,"[14.32573438 10.07084708 14.19367084 11.67577704 14.63013295 12.09326589
 13.28664752 15.85018195 12.09653421 13.48262497 14.00716767 16.05841248
 13.578483   13.42157581 16.17173794 11.10928979 13.71579053  9.92027134
 12.45666766 13.86483033]",20.85273139,C17H34N2O2,298.5,18073-84-2,OCCN1CCC(CCCC2CCN(CCO)CC2)CC1,Alasdair,8,5.300482169
90,050523/EN300_20589_MS3_55EV_050523,111,282,0,0,299.2692,9.920271342,16.17173794,13.30048217,"[14.32573438 10.07084708 14.19367084 11.67577704 14.63013295 12.09326589
 13.28664752 15.85018195 12.09653421 13.48262497 14.00716767 16.05841248
 13.578483   13.42157581 16.17173794 11.10928979 13.71579053  9.92027134
 12.45666766 13.86483033]",20.85273139,C17H34N2O2,298.5,18073-84-2,OCCN1CCC(CCCC2CCN(CCO)CC2)CC1,Alasdair,8,5.300482169
91,050523/EN300_EN30073912_MS3_35EV_050523,11,60,0,0,303.0409,15.48278615,25.27709387,18.37055872,"[18.26900884 17.9183271  25.27709387 22.33033557 18.18788002 15.48278615
 15.78322858 18.19033883 18.69589159 17.79337371 17.06499188 18.65120953
 17.71347967 18.64398383 17.49518043 17.05600381 16.16454116 17.60276974
 18.38947687 20.70127317]",20.45622675,C12H9F3N2O2S,302.28,1038335-12-4,O=C(O)CSc1nccn1-c1ccc(C(F)(F)F)cc1,Alasdair,17,1.370558717
92,050523/EN300_EN30073912_MS3_35EV_050523,11,60,0,0,303.0409,15.48278615,25.27709387,18.37055872,"[18.26900884 17.9183271  25.27709387 22.33033557 18.18788002 15.48278615
 15.78322858 18.19033883 18.69589159 17.79337371 17.06499188 18.65120953
 17.71347967 18.64398383 17.49518043 17.05600381 16.16454116 17.60276974
 18.38947687 20.70127317]",20.45622675,C12H9F3N2O2S,302.28,1038335-12-4,O=C(O)CSc1nccn1-c1ccc(C(F)(F)F)cc1,Alasdair,17,1.370558717
93,050523/EN300_EN30073912_MS3_55EV_050523,11,150,0,0,303.0409,15.40968068,20.4020922,17.63015682,"[15.67552494 15.85895879 18.64350434 19.65493818 16.31906733 18.51233993
 16.03051221 16.94961897 17.09349433 19.32040092 18.65115852 16.1548232
 15.40968068 19.10838788 16.55598858 20.4020922  19.66234118 18.29212572
 17.28932845 17.01885002]",20.45622675,C12H9F3N2O2S,302.28,1038335-12-4,O=C(O)CSc1nccn1-c1ccc(C(F)(F)F)cc1,Alasdair,17,0.630156818
94,050523/EN300_EN30073912_MS3_55EV_050523,11,150,0,0,303.0409,15.40968068,20.4020922,17.63015682,"[15.67552494 15.85895879 18.64350434 19.65493818 16.31906733 18.51233993
 16.03051221 16.94961897 17.09349433 19.32040092 18.65115852 16.1548232
 15.40968068 19.10838788 16.55598858 20.4020922  19.66234118 18.29212572
 17.28932845 17.01885002]",20.45622675,C12H9F3N2O2S,302.28,1038335-12-4,O=C(O)CSc1nccn1-c1ccc(C(F)(F)F)cc1,Alasdair,17,0.630156818
95,other/EN300_20589,101,0,0,0,299.2692,11.50191998,21.6471488,15.38834067,"[12.39646494 17.1855598  15.07990968 18.27870688 14.70723215 14.89702436
 17.7930559  13.87397315 11.50191998 17.48803671 16.47091469 14.50865711
 13.40696933 13.9603974  15.1832512  17.56484167 21.6471488  13.64863378
 13.69722331 14.47689248]",20.85273139,C17H34N2O2,298.5,18073-84-2,OCCN1CCC(CCCC2CCN(CCO)CC2)CC1,Alasdair,8,7.388340666
96,other/EN300_20589,101,0,0,0,299.2692,11.50191998,21.6471488,15.38834067,"[12.39646494 17.1855598  15.07990968 18.27870688 14.70723215 14.89702436
 17.7930559  13.87397315 11.50191998 17.48803671 16.47091469 14.50865711
 13.40696933 13.9603974  15.1832512  17.56484167 21.6471488  13.64863378
 13.69722331 14.47689248]",20.85273139,C17H34N2O2,298.5,18073-84-2,OCCN1CCC(CCCC2CCN(CCO)CC2)CC1,Alasdair,8,7.388340666
97,other/EN300_20589_High_FeV,108,0,0,0,299.2692,11.95952876,18.96860157,15.26512682,"[16.63112627 14.33093382 14.89398086 16.43145624 16.29609689 15.04136091
 14.17750126 14.21321365 16.35944547 18.96860157 13.15248076 13.78194506
 16.46579707 11.99016958 15.62339484 16.1305361  16.81435725 15.7871912
 11.95952876 16.2534189 ]",20.85273139,C17H34N2O2,298.5,18073-84-2,OCCN1CCC(CCCC2CCN(CCO)CC2)CC1,Alasdair,8,7.265126823
98,other/EN300_20589_High_FeV,108,0,0,0,299.2692,11.95952876,18.96860157,15.26512682,"[16.63112627 14.33093382 14.89398086 16.43145624 16.29609689 15.04136091
 14.17750126 14.21321365 16.35944547 18.96860157 13.15248076 13.78194506
 16.46579707 11.99016958 15.62339484 16.1305361  16.81435725 15.7871912
 11.95952876 16.2534189 ]",20.85273139,C17H34N2O2,298.5,18073-84-2,OCCN1CCC(CCCC2CCN(CCO)CC2)CC1,Alasdair,8,7.265126823
99,other/EN300_20589_MS2,94,0,0,0,299.2693,9.259969994,18.92475063,14.58055267,"[12.87108053 12.66586082 16.10578333 17.4970666  12.68147371 13.72876472
 18.92475063 13.26800228 15.69820794 15.54253837 14.74407005 15.21366678
  9.25996999 14.77961506 16.13459088 18.07563621 15.58616046 12.35827801
 13.45998029 13.01555683]",21.15211102,C17H34N2O2,298.5,18073-84-2,OCCN1CCC(CCCC2CCN(CCO)CC2)CC1,Alasdair,8,6.580552675
100,other/EN300_20589_MS2,94,0,0,0,299.2693,9.259969994,18.92475063,14.58055267,"[12.87108053 12.66586082 16.10578333 17.4970666  12.68147371 13.72876472
 18.92475063 13.26800228 15.69820794 15.54253837 14.74407005 15.21366678
  9.25996999 14.77961506 16.13459088 18.07563621 15.58616046 12.35827801
 13.45998029 13.01555683]",21.15211102,C17H34N2O2,298.5,18073-84-2,OCCN1CCC(CCCC2CCN(CCO)CC2)CC1,Alasdair,8,6.580552675
101,other/EN300_20589_MS2_20230504020042,135,0,0,0,299.26,9.319659959,16.3214881,14.33461194,"[10.56616631 13.50379609 14.49555835 14.16975989 15.51478089 14.10757424
 16.19010096 15.9240269  15.94495398 12.20216767 14.15610846 14.51272057
 14.57113288  9.31965996 15.22399444 16.3214881  14.54721722 15.65940387
 14.25027286 15.51135507]",20.00569027,C17H34N2O2,298.5,18073-84-2,OCCN1CCC(CCCC2CCN(CCO)CC2)CC1,Alasdair,8,6.334611935
102,other/EN300_20589_MS2_20230504020042,135,0,0,0,299.26,9.319659959,16.3214881,14.33461194,"[10.56616631 13.50379609 14.49555835 14.16975989 15.51478089 14.10757424
 16.19010096 15.9240269  15.94495398 12.20216767 14.15610846 14.51272057
 14.57113288  9.31965996 15.22399444 16.3214881  14.54721722 15.65940387
 14.25027286 15.51135507]",20.00569027,C17H34N2O2,298.5,18073-84-2,OCCN1CCC(CCCC2CCN(CCO)CC2)CC1,Alasdair,8,6.334611935
103,other/EN300_311967,15,0,0,0,300.2897,15.77791331,24.59809387,19.5348053,"[19.02961866 22.98499447 21.66751601 19.05582813 24.59809387 18.35260925
 18.65510573 16.05326901 19.84163834 19.74805093 20.27956743 17.59504153
 21.81733444 18.98254795 21.5122963  19.1745405  15.77791331 21.61596154
 17.20693637 16.7472422 ]",22.01124025,C18H37NO2,299.5,544-31-0,CCCCCCCCCCCCCCCC(=O)NCCO,Alasdair,10,9.534805298
104,other/EN300_73912,44,28,65,6,303.0408,15.430208,23.76062401,18.9415772,"[20.58444283 19.53914452 17.95604028 23.76062401 18.65505825 17.56362174
 20.88369242 16.16245617 19.88652808 21.57957852 19.24251349 18.91511117
 19.31247121 21.13098591 17.28639561 19.07461806 17.08138564 16.43255119
 18.35411696 15.430208  ]",21.89265247,C12H9F3N2O2S,302.28,1038335-12-4,O=C(O)CSc1nccn1-c1ccc(C(F)(F)F)cc1,Alasdair,17,1.941577203
105,other/EN300_73912,44,28,65,6,303.0408,15.430208,23.76062401,18.9415772,"[20.58444283 19.53914452 17.95604028 23.76062401 18.65505825 17.56362174
 20.88369242 16.16245617 19.88652808 21.57957852 19.24251349 18.91511117
 19.31247121 21.13098591 17.28639561 19.07461806 17.08138564 16.43255119
 18.35411696 15.430208  ]",21.89265247,C12H9F3N2O2S,302.28,1038335-12-4,O=C(O)CSc1nccn1-c1ccc(C(F)(F)F)cc1,Alasdair,17,1.941577203
106,other/EN300_73912_MS2,55,0,0,0,303.041,13.37295335,21.69251252,18.75038921,"[17.74284281 19.11748539 20.71034094 18.6868926  18.29969808 19.34285115
 13.37295335 18.94411238 20.16481006 20.08357348 21.69251252 16.60432364
 15.85421295 18.71909627 20.67356729 19.97080403 17.42668511 19.50743545
 19.67789537 18.41569132]",21.7622575,C12H9F3N2O2S,302.28,1038335-12-4,O=C(O)CSc1nccn1-c1ccc(C(F)(F)F)cc1,Alasdair,17,1.75038921
107,other/EN300_73912_MS2,55,0,0,0,303.041,13.37295335,21.69251252,18.75038921,"[17.74284281 19.11748539 20.71034094 18.6868926  18.29969808 19.34285115
 13.37295335 18.94411238 20.16481006 20.08357348 21.69251252 16.60432364
 15.85421295 18.71909627 20.67356729 19.97080403 17.42668511 19.50743545
 19.67789537 18.41569132]",21.7622575,C12H9F3N2O2S,302.28,1038335-12-4,O=C(O)CSc1nccn1-c1ccc(C(F)(F)F)cc1,Alasdair,17,1.75038921
108,other/EN300_73912_MS2_neg,21,0,0,0,303.0222,14.51090538,22.83317994,19.28761405,"[22.75337908 20.87049598 21.52271122 19.80710804 20.55126362 22.05586218
 14.51090538 16.96606867 20.37819615 19.93284088 15.33088932 19.34082858
 15.62728272 18.18747723 20.78243682 19.76489497 22.83317994 20.93543256
 17.67640444 15.92462329]",21.47174512,C12H9F3N2O2S,302.28,1038335-12-4,O=C(O)CSc1nccn1-c1ccc(C(F)(F)F)cc1,Alasdair,17,2.287614055
109,other/EN300_73912_MS2_neg,21,0,0,0,303.0222,14.51090538,22.83317994,19.28761405,"[22.75337908 20.87049598 21.52271122 19.80710804 20.55126362 22.05586218
 14.51090538 16.96606867 20.37819615 19.93284088 15.33088932 19.34082858
 15.62728272 18.18747723 20.78243682 19.76489497 22.83317994 20.93543256
 17.67640444 15.92462329]",21.47174512,C12H9F3N2O2S,302.28,1038335-12-4,O=C(O)CSc1nccn1-c1ccc(C(F)(F)F)cc1,Alasdair,17,2.287614055
110,5repeatAllMolecules/11Methylenedi_1_20190107145522,128,119,0,0,359.1949,16.5932168,26.19461169,20.87579909,"[23.50183078 25.59579931 17.1672876  17.8407648  23.03454728 20.40155889
 26.19461169 18.84658085 20.77434569 18.83422782 20.20420746 21.40561384
 20.27727053 20.64887125 23.49562251 22.303115   21.66227272 17.90815617
 20.82608079 16.5932168 ]",24.9462124,C21H14N2O4,358.095358,13676-54-5,O=C1C=CC(=O)N1c1ccc(Cc2ccc(N3C(=O)C=CC3=O)cc2)cc1,NatComm,10,10.87579909
111,5repeatAllMolecules/11Methylenedi_2_20190107150327,15,37,0,0,359.0991,17.69208136,28.08544253,23.16722326,"[21.5965958  25.2760377  22.81037962 22.5240235  25.89088052 28.08544253
 26.03404367 18.73988918 25.91358287 23.1660751  21.39081252 17.69208136
 27.41646644 22.31883657 23.69516099 22.30360772 20.89909824 20.2270106
 25.4748548  21.88958549]",25.65157136,C21H14N2O4,358.095358,13676-54-5,O=C1C=CC(=O)N1c1ccc(Cc2ccc(N3C(=O)C=CC3=O)cc2)cc1,NatComm,10,13.16722326
112,5repeatAllMolecules/11Methylenedi_3_20190107151132,19,43,0,0,359.09805,20.71294873,25.56591266,23.08511915,"[23.39217568 22.9899337  24.08887917 22.64116783 23.39117816 22.85447934
 24.4154062  22.25607696 25.14203587 21.2345004  25.56591266 23.6913235
 22.3932331  21.54385909 21.87438617 23.59532371 24.13234335 23.93444858
 20.71294873 21.85277078]",25.92528425,C21H14N2O4,358.095358,13676-54-5,O=C1C=CC(=O)N1c1ccc(Cc2ccc(N3C(=O)C=CC3=O)cc2)cc1,NatComm,10,13.08511915
113,5repeatAllMolecules/11Methylenedi_4_20190107151937,20,34,0,0,359.099,17.15766646,27.07612368,22.59758456,"[26.28626705 20.16999038 20.93195469 22.08971381 18.62064731 23.92111135
 22.64794081 24.03611203 17.15766646 27.07612368 22.88890907 20.1062787
 23.47841067 21.27676702 25.45122097 21.37511545 22.01323303 22.4829039
 26.86624127 23.07508348]",25.83083296,C21H14N2O4,358.095358,13676-54-5,O=C1C=CC(=O)N1c1ccc(Cc2ccc(N3C(=O)C=CC3=O)cc2)cc1,NatComm,10,12.59758456
114,5repeatAllMolecules/11Methylenedi_5_20190107152738,24,38,0,0,359.0989,18.2544281,26.68974355,22.98641852,"[25.9083565  22.32307341 26.68974355 24.14380518 22.84916426 22.72763971
 22.32509084 21.60327214 18.2544281  24.33568829 23.95876713 24.04906599
 22.49475202 24.69064385 23.99188008 20.31326587 22.63674087 24.58867325
 20.56222675 21.28209254]",25.03681716,C21H14N2O4,358.095358,13676-54-5,O=C1C=CC(=O)N1c1ccc(Cc2ccc(N3C(=O)C=CC3=O)cc2)cc1,NatComm,10,12.98641852
115,5repeatAllMolecules/12Aminoethylpiperazine_1,14,210,0,0,129.1384,5.504171895,9.526031818,7.165481148,"[6.2088776  5.50417189 7.0225934  5.77092183 7.35443719 9.09911451
 7.90123925 7.4172609  7.58871958 9.52603182 5.92803784 7.44064709
 8.00234669 7.96343285 6.3776012  7.61765427 6.38050351 6.11717806
 7.58290227 6.50595123]",7.938882335,C6H15N3,129.126597,140-31-8,NCCN1CCNCC1,NatComm,4,3.165481148
116,5repeatAllMolecules/12Aminoethylpiperazine_2,14,218,0,0,129.1384,5.504171895,9.526031818,7.165481148,"[6.2088776  5.50417189 7.0225934  5.77092183 7.35443719 9.09911451
 7.90123925 7.4172609  7.58871958 9.52603182 5.92803784 7.44064709
 8.00234669 7.96343285 6.3776012  7.61765427 6.38050351 6.11717806
 7.58290227 6.50595123]",7.938882335,C6H15N3,129.126597,140-31-8,NCCN1CCNCC1,NatComm,4,3.165481148
117,5repeatAllMolecules/12Aminoethylpiperazine_4,14,499,0,0,129.1384,4.063694028,8.89402944,6.697245488,"[5.67368859 4.69318922 8.89402944 8.67864711 8.05010963 4.06369403
 7.17755278 8.12126503 5.62673733 6.44082088 8.13807445 5.71095982
 7.13623569 7.98797445 6.15842175 6.63637616 5.78691187 4.27627596
 6.80096205 7.89298353]",7.938882335,C6H15N3,129.126597,140-31-8,NCCN1CCNCC1,NatComm,4,2.697245488
118,5repeatAllMolecules/133trimethly_1,20,42,0,0,323.1382,17.42631372,26.28629678,21.04503649,"[20.84548483 17.94800532 21.93671771 19.5345377  21.82054932 18.94921084
 20.43270777 19.93171921 19.90877451 25.38138344 20.800958   20.09039851
 19.5070253  23.62808239 19.20341234 19.96172593 17.42631372 23.54481182
 23.76261444 26.28629678]",22.7823064,C19H18N2O3 ,322.131743,1498-88-0,CN1c2ccccc2C(C)(C)C12C=Cc1cc([N+](=O)[O-])ccc1O2,NatComm,15,6.045036494
119,5repeatAllMolecules/133trimethly_2,14,39,0,0,323.1381,16.46041195,24.59567108,20.37945424,"[19.81926646 17.24833104 18.27012655 22.47285262 21.38740683 20.54246598
 16.46041195 19.19516371 21.12029746 24.34360189 20.84818907 16.53031932
 20.7377511  20.61451002 23.57106732 19.56221877 16.57418411 19.84246045
 24.59567108 23.85278902]",21.46945656,C19H18N2O3 ,322.131743,1498-88-0,CN1c2ccccc2C(C)(C)C12C=Cc1cc([N+](=O)[O-])ccc1O2,NatComm,15,5.379454238
120,5repeatAllMolecules/133trimethly_3,33,40,0,0,323.1372,16.0206813,26.69230976,20.73467946,"[22.35675717 17.99363785 22.11834687 18.33557436 18.90347603 23.26538237
 23.31259038 21.05501351 19.79128493 21.06733919 16.0206813  18.09877326
 16.88249781 23.62343784 20.19551267 19.63903386 23.49386307 20.5149248
 21.33315208 26.69230976]",21.69632306,C19H18N2O3 ,322.131743,1498-88-0,CN1c2ccccc2C(C)(C)C12C=Cc1cc([N+](=O)[O-])ccc1O2,NatComm,15,5.734679455
121,5repeatAllMolecules/133trimethly_4,9,422,0,0,322.963,15.54904281,25.36848907,20.53819212,"[17.13825762 22.01810377 18.00936025 19.7672939  20.22829474 20.67045973
 23.50071587 21.64379244 21.15850147 15.54904281 21.92318072 20.0695759
 25.36848907 23.77750442 19.99291211 16.58719496 19.89022062 15.99665341
 23.61935605 23.85493259]",22.9055527,C19H18N2O3 ,322.131743,1498-88-0,CN1c2ccccc2C(C)(C)C12C=Cc1cc([N+](=O)[O-])ccc1O2,NatComm,15,5.538192123
122,5repeatAllMolecules/133trimethly_5,17,42,0,0,323.138,17.50079311,24.36814208,20.51861194,"[17.95147689 21.90705384 19.45906335 18.65555877 17.75927921 18.41843348
 21.53115712 17.50079311 21.73030314 21.38647576 21.80263496 21.21840327
 20.06119392 23.32308116 24.36814208 19.23619137 22.20630833 18.69310653
 22.17580855 20.98777403]",22.64151566,C19H18N2O3 ,322.131743,1498-88-0,CN1c2ccccc2C(C)(C)C12C=Cc1cc([N+](=O)[O-])ccc1O2,NatComm,15,5.518611943
123,5repeatAllMolecules/2Deoxyadenosine5monophosphate_1,10,456,0,0,332.0141,14.70640203,26.31719982,20.34585918,"[20.10919606 22.07317971 19.82163623 17.1022384  24.55926231 26.31719982
 22.13426613 16.23712137 14.70640203 22.18151403 15.95420255 21.07005077
 20.39672428 19.7883753  19.91860699 18.73024201 23.91313273 22.34976415
 16.75378727 22.80028149]",22.36602237,C10H14N5O6P,331.068173,653-63-4,Nc1ncnc2c1ncn2[C@H]1C[C@H](O)[C@@H](COP(=O)(O)O)O1,NatComm,17,3.345859181
124,5repeatAllMolecules/2Deoxyadenosine5monophosphate_2,2,7,0,0,332.0747,15.26703897,28.56176557,21.38900099,"[22.05510791 24.53547328 17.1419132  17.35049334 23.2201653  18.04598228
 24.06784835 24.26916789 15.26703897 28.56176557 22.8805355  20.73247528
 18.39699876 22.74703764 24.87083171 21.81398107 19.22006256 22.01941853
 20.87198084 19.7117419 ]",23.53206551,C10H14N5O6P,331.068173,653-63-4,Nc1ncnc2c1ncn2[C@H]1C[C@H](O)[C@@H](COP(=O)(O)O)O1,NatComm,17,4.389000994
125,5repeatAllMolecules/2Deoxyadenosine5monophosphate_3,3,7,0,0,332.0747,15.26703897,28.56176557,21.38900099,"[22.05510791 24.53547328 17.1419132  17.35049334 23.2201653  18.04598228
 24.06784835 24.26916789 15.26703897 28.56176557 22.8805355  20.73247528
 18.39699876 22.74703764 24.87083171 21.81398107 19.22006256 22.01941853
 20.87198084 19.7117419 ]",23.53206551,C10H14N5O6P,331.068173,653-63-4,Nc1ncnc2c1ncn2[C@H]1C[C@H](O)[C@@H](COP(=O)(O)O)O1,NatComm,17,4.389000994
126,5repeatAllMolecules/2Deoxyadenosine5monophosphate_4,2,7,0,0,332.0748,17.25290422,26.40617565,21.71758805,"[21.80940971 19.96475792 24.2820106  19.59583711 20.78034025 24.52065088
 21.63110565 26.40617565 24.56538644 17.93831625 22.01119141 20.15107619
 23.92512694 22.03268578 22.41468579 20.77480262 19.95173325 22.81834594
 21.52521848 17.25290422]",22.67820684,C10H14N5O6P,331.068173,653-63-4,Nc1ncnc2c1ncn2[C@H]1C[C@H](O)[C@@H](COP(=O)(O)O)O1,NatComm,17,4.717588054
127,5repeatAllMolecules/2Deoxyadenosine5monophosphate_5,2,7,0,0,332.0748,16.92950456,26.50503846,21.93141606,"[21.89694009 21.68940038 24.3097705  21.73377776 23.60475494 24.18792586
 24.60507928 25.23127248 26.50503846 19.61529355 21.10744425 20.12023334
 24.67354479 21.0803143  22.28555729 20.71731593 18.94967292 21.47826617
 17.90721434 16.92950456]",22.67820684,C10H14N5O6P,331.068173,653-63-4,Nc1ncnc2c1ncn2[C@H]1C[C@H](O)[C@@H](COP(=O)(O)O)O1,NatComm,17,4.93141606
128,5repeatAllMolecules/444TritertButy_1,76,44,0,0,402.2892,21.77042812,31.31857711,26.53226107,"[22.6817123  27.69920479 28.64115467 24.97522551 24.54181343 24.98930666
 30.56249501 28.53647971 27.47656129 28.52392182 27.51463227 22.64631551
 25.85231269 21.77042812 28.51849733 31.31857711 26.00065265 28.83497757
 25.02267299 24.53828008]",27.07019701,C27H35N3,401.283097,115091-29-7,CC(C)(C)c1ccnc(-c2cc(C(C)(C)C)cc(-c3cc(C(C)(C)C)ccn3)n2)c1,NatComm,10,16.53226107
129,5repeatAllMolecules/444TritertButy_2,66,35,0,0,402.2892,23.40733769,30.86770957,26.50827654,"[26.01123464 26.59869889 25.4954658  23.85325569 27.94669736 29.56542892
 24.29310057 30.86770957 27.15531387 27.52913576 27.22059802 25.02537802
 23.40733769 24.69484708 28.67809794 24.24533336 26.41519314 26.53466231
 29.46265497 25.16538714]",27.07019701,C27H35N3,401.283097,115091-29-7,CC(C)(C)c1ccnc(-c2cc(C(C)(C)C)cc(-c3cc(C(C)(C)C)ccn3)n2)c1,NatComm,10,16.50827654
130,5repeatAllMolecules/444TritertButy_3,103,54,0,0,402.2893,19.68680817,30.24492937,25.39308598,"[21.00602656 24.78192912 28.4258375  22.13891637 26.26188791 28.53223071
 26.42407644 27.94710909 19.68680817 25.62299035 23.81518773 25.3263832
 25.89367804 23.60517718 27.03116239 23.18748299 25.59238793 30.24492937
 28.30480468 24.03271387]",29.17288477,C27H35N3,401.283097,115091-29-7,CC(C)(C)c1ccnc(-c2cc(C(C)(C)C)cc(-c3cc(C(C)(C)C)ccn3)n2)c1,NatComm,10,15.39308598
131,5repeatAllMolecules/444TritertButy_4,63,38,0,0,402.2892,19.58528318,30.50720798,26.36284958,"[24.59866895 25.68464306 24.5940559  29.78842419 26.0102757  28.25277937
 30.50720798 26.99826424 26.28381822 27.6991302  28.88197593 27.7711444
 25.40546129 27.66986121 26.35691259 27.73843523 25.60789175 22.45445005
 19.58528318 25.36830825]",27.07019701,C27H35N3,401.283097,115091-29-7,CC(C)(C)c1ccnc(-c2cc(C(C)(C)C)cc(-c3cc(C(C)(C)C)ccn3)n2)c1,NatComm,10,16.36284958
132,5repeatAllMolecules/444TritertButy_5,99,4656,0,0,402.2893,18.14144123,24.82503648,21.43756273,"[21.21643403 19.31810209 21.47358902 20.08884486 23.94689755 19.22935545
 21.31063081 21.9780762  24.82503648 21.56426551 19.38237851 22.09345847
 22.28945172 23.21771426 22.42399204 24.30047567 22.42324796 18.69075953
 20.83710313 18.14144123]",29.17288477,C27H35N3,401.283097,115091-29-7,CC(C)(C)c1ccnc(-c2cc(C(C)(C)C)cc(-c3cc(C(C)(C)C)ccn3)n2)c1,NatComm,10,11.43756273
133,5repeatAllMolecules/4Aminopiperidine_5,7,0,0,0,101.1073,3.382605439,6.784179388,5.158324997,"[6.26636449 4.75203123 6.29769074 5.91777838 3.86446836 3.92908058
 3.38260544 4.18290709 6.27566281 4.40202447 5.59954315 5.83782028
 6.78417939 5.87377053 3.8433658  6.2334634  5.0623492  5.37770702
 4.78576955 4.49791802]",5.926700404,C5H12N2,100.1000048,13035-19-3,NC1CCNCC1,NatComm,4,1.158324997
134,5repeatAllMolecules/57Dimethyl_1,33,30,0,0,239.05935,10.35296496,18.82014662,14.15981738,"[13.23074245 17.20790806 18.82014662 15.88219335 12.63964866 15.98894058
 14.37489646 14.45893579 11.4756493  13.52684176 13.16184608 13.6666198
 16.67752649 16.23301776 12.0463198  12.25039342 10.35296496 13.89207115
 13.15783299 14.15185209]",16.55272728,C9H10N4O2S,238.052448,41266-71-1,Cc1cc(C)n2c(SCC(=O)O)nnc2n1,NatComm,15,0.840182621
135,5repeatAllMolecules/57Dimethyl_2,15,31,0,0,239.0593,10.95684359,19.18999221,14.50881976,"[17.73602369 12.28519383 14.4823153  14.0801317  13.60954784 19.18999221
 15.24549632 11.17925189 12.21344268 16.10306316 17.46927858 14.54058417
 14.34288087 15.88503485 10.95684359 14.33000093 13.4711255  13.62859109
 14.43862374 14.98897317]",15.45318219,C9H10N4O2S,238.052448,41266-71-1,Cc1cc(C)n2c(SCC(=O)O)nnc2n1,NatComm,15,0.491180245
136,5repeatAllMolecules/57Dimethyl_3,16,26,0,0,239.0593,11.06229391,18.11844662,14.51667921,"[13.69423016 18.11844662 11.45590624 16.28112056 17.48992846 12.83913761
 14.59148467 16.68360892 16.97525933 11.72256547 14.18048083 12.91381974
 16.47382697 16.80243947 11.09433239 15.91875144 14.50806617 15.62755342
 11.90033185 11.06229391]",15.45318219,C9H10N4O2S,238.052448,41266-71-1,Cc1cc(C)n2c(SCC(=O)O)nnc2n1,NatComm,15,0.483320789
137,5repeatAllMolecules/57Dimethyl_4,13,25,0,0,239.0594,9.827779596,17.00753954,14.04570811,"[14.28393345 15.64031782 10.94470795 17.00753954 16.6966452  14.84397451
 14.92081396 13.70772818 15.43620769 11.64403847 14.79219774 13.13334838
 14.88622883 15.55092047  9.8277796  14.34306323 14.7194482  15.0239019
 11.42957038 12.08179665]",15.67574401,C9H10N4O2S,238.052448,41266-71-1,Cc1cc(C)n2c(SCC(=O)O)nnc2n1,NatComm,15,0.954291892
138,5repeatAllMolecules/57Dimethyl_5,26,30,0,0,239.0594,10.71370065,16.92779616,13.67790227,"[10.71370065 15.12510643 15.44140163 13.90641787 11.98580857 14.27589723
 13.36285521 12.49671093 16.92779616 12.42685705 11.97709332 12.36304475
 15.24033965 15.63411621 14.31869218 13.28290191 11.96849862 15.8677758
 13.28209878 12.96093235]",15.67574401,C9H10N4O2S,238.052448,41266-71-1,Cc1cc(C)n2c(SCC(=O)O)nnc2n1,NatComm,15,1.322097735
139,5repeatAllMolecules/5Amino13chlorophenyl_1,33,75,0,0,219.1738,9.470106482,14.71132714,12.38895715,"[ 9.47010648 11.81087524 14.06781164 12.12108373 11.74860833 13.16548755
 14.68126462 10.51783692 12.32494582 11.91466791 12.51331029 13.59747267
 14.71132714 11.79258932 10.31684491 14.12838102 12.14313355 13.80654561
 12.05207496 10.89477522]",14.48069774,C10H7ClN4,218.035924,51516-68-8,N#Cc1cnn(-c2cccc(Cl)c2)c1N,NatComm,11,1.388957146
140,5repeatAllMolecules/5Amino13chlorophenyl_2,33,77,0,0,219.1738,9.470106482,14.71132714,12.38895715,"[ 9.47010648 11.81087524 14.06781164 12.12108373 11.74860833 13.16548755
 14.68126462 10.51783692 12.32494582 11.91466791 12.51331029 13.59747267
 14.71132714 11.79258932 10.31684491 14.12838102 12.14313355 13.80654561
 12.05207496 10.89477522]",14.48069774,C10H7ClN4,218.035924,51516-68-8,N#Cc1cnn(-c2cccc(Cl)c2)c1N,NatComm,11,1.388957146
141,5repeatAllMolecules/5Amino13chlorophenyl_3,26,74,0,0,219.0427,9.335456199,14.98961872,12.10941639,"[12.28429158 14.21520984 14.98961872 11.71439996 11.8931759  10.75099482
 10.98223288 13.73672897 11.60156983  9.92791653 13.59516288 11.23932304
 12.41487588 12.15353014 11.92627321  9.3354562  12.62162921 12.19989494
 11.53258231 13.07346095]",14.53707823,C10H7ClN4,218.035924,51516-68-8,N#Cc1cnn(-c2cccc(Cl)c2)c1N,NatComm,11,1.10941639
142,5repeatAllMolecules/5Amino13chlorophenyl_4,25,74,0,0,219.0427,9.335456199,14.98961872,12.10941639,"[12.28429158 14.21520984 14.98961872 11.71439996 11.8931759  10.75099482
 10.98223288 13.73672897 11.60156983  9.92791653 13.59516288 11.23932304
 12.41487588 12.15353014 11.92627321  9.3354562  12.62162921 12.19989494
 11.53258231 13.07346095]",14.53707823,C10H7ClN4,218.035924,51516-68-8,N#Cc1cnn(-c2cccc(Cl)c2)c1N,NatComm,11,1.10941639
143,5repeatAllMolecules/5Amino13chlorophenyl_5,32,76,0,0,219.1738,9.470106482,14.71132714,12.38895715,"[ 9.47010648 11.81087524 14.06781164 12.12108373 11.74860833 13.16548755
 14.68126462 10.51783692 12.32494582 11.91466791 12.51331029 13.59747267
 14.71132714 11.79258932 10.31684491 14.12838102 12.14313355 13.80654561
 12.05207496 10.89477522]",14.48069774,C10H7ClN4,218.035924,51516-68-8,N#Cc1cnn(-c2cccc(Cl)c2)c1N,NatComm,11,1.388957146
144,5repeatAllMolecules/5Aminoisophthalicacid_1,29,67,0,0,182.0444,7.888875372,14.55366545,10.26196575,"[13.17369253  9.77947969  7.88887537  9.23620732 10.70965451 14.55366545
  8.1049601  10.21397534  8.79400097 11.06240057  8.14289702  9.6610694
 11.46409654 10.49873311 10.02046979  8.99741342 12.51810785  8.04438443
 11.18709749 11.18813414]",11.50975221,C8H7NO4,181.037509,99-31-0,Nc1cc(C(=O)O)cc(C(=O)O)c1,NatComm,7,3.261965753
145,5repeatAllMolecules/5Aminoisophthalicacid_2,32,49,0,0,182.0444,8.115439642,14.39079614,10.18131027,"[11.37071642  9.37955379  8.31947389  9.34807268  9.25212555 12.4590273
  8.11543964 10.82514767 10.12243965 14.39079614  9.58386578 10.50706958
 10.19318601  9.9442772  10.92134695  9.05839276 11.72123905  8.38324265
  8.78639436 10.94439826]",11.50975221,C8H7NO4,181.037509,99-31-0,Nc1cc(C(=O)O)cc(C(=O)O)c1,NatComm,7,3.181310266
146,5repeatAllMolecules/5Aminoisophthalicacid_3,29,49,0,0,182.0444,8.115439642,14.39079614,10.18131027,"[11.37071642  9.37955379  8.31947389  9.34807268  9.25212555 12.4590273
  8.11543964 10.82514767 10.12243965 14.39079614  9.58386578 10.50706958
 10.19318601  9.9442772  10.92134695  9.05839276 11.72123905  8.38324265
  8.78639436 10.94439826]",11.50975221,C8H7NO4,181.037509,99-31-0,Nc1cc(C(=O)O)cc(C(=O)O)c1,NatComm,7,3.181310266
147,5repeatAllMolecules/5Aminoisophthalicacid_4,44,47,0,0,182.0444,8.067025865,12.58052197,10.26938553,"[12.58052197  9.40020644  9.48112787 10.5502715  10.99624595 12.43922175
 10.33737136 11.38820076  9.6676755  11.33297173 10.56015922  9.93071572
 10.88677282  8.88932475  9.21322031  8.06702586 10.87234338  8.8750172
  9.59937619 10.31994033]",11.50975221,C8H7NO4,181.037509,99-31-0,Nc1cc(C(=O)O)cc(C(=O)O)c1,NatComm,7,3.269385531
148,5repeatAllMolecules/5Aminoisophthalicacid_5,35,49,0,0,182.0444,8.115439642,14.39079614,10.18131027,"[11.37071642  9.37955379  8.31947389  9.34807268  9.25212555 12.4590273
  8.11543964 10.82514767 10.12243965 14.39079614  9.58386578 10.50706958
 10.19318601  9.9442772  10.92134695  9.05839276 11.72123905  8.38324265
  8.78639436 10.94439826]",11.50975221,C8H7NO4,181.037509,99-31-0,Nc1cc(C(=O)O)cc(C(=O)O)c1,NatComm,7,3.181310266
149,5repeatAllMolecules/5Bromo2hydroxyphenyl_1,58,188,0,0,343.128,18.61186171,26.02686675,21.65392456,"[22.18032758 21.34172705 18.61186171 24.00861757 21.37112641 21.73887542
 21.28830393 19.4657069  21.0126197  18.64110417 18.90415367 21.64206266
 24.16067366 19.69224024 25.57055698 21.36254273 23.80978359 21.80415001
 26.02686675 20.4451904 ]",22.56824646,C16H11BrN2O2,342.000389,68287-72-9,O=C(c1cnn(-c2ccccc2)c1)c1cc(Br)ccc1O,NatComm,14,7.653924557
150,5repeatAllMolecules/5Bromo2hydroxyphenyl_2,52,184,0,0,343.1279,16.72682798,27.56059775,21.52365852,"[21.49342116 20.00710496 20.58478262 16.72682798 21.96249324 24.42448653
 18.14205232 21.04624294 23.06753948 25.48278493 19.78750623 22.54511517
 22.17353583 19.30409161 19.26344159 27.56059775 21.36362379 19.60180653
 21.73604251 24.19967325]",23.4193386,C16H11BrN2O2,342.000389,68287-72-9,O=C(c1cnn(-c2ccccc2)c1)c1cc(Br)ccc1O,NatComm,14,7.52365852
151,5repeatAllMolecules/5Bromo2hydroxyphenyl_3,55,188,0,0,343.1279,17.38796566,25.02823648,22.02017805,"[25.02823648 23.1819857  22.50361686 20.28448653 17.6850482  20.48612979
 21.91407716 23.89415342 24.64438569 23.64666042 18.4298709  24.09066585
 23.04334952 22.55399636 24.86800861 17.38796566 23.8889344  21.90681877
 23.45443339 17.51073732]",23.4193386,C16H11BrN2O2,342.000389,68287-72-9,O=C(c1cnn(-c2ccccc2)c1)c1cc(Br)ccc1O,NatComm,14,8.020178052
152,5repeatAllMolecules/5Bromo2hydroxyphenyl_4,55,187,0,0,343.1279,17.409479,25.40638145,21.67249304,"[23.0505618  18.68504292 17.409479   18.85934626 21.93496962 21.14230903
 20.78184064 23.75547049 23.22004763 22.9272746  20.73933698 23.92189945
 23.75130226 23.86600517 22.24040252 19.46236274 19.62521775 25.40638145
 25.20586363 17.46474678]",23.4193386,C16H11BrN2O2,342.000389,68287-72-9,O=C(c1cnn(-c2ccccc2)c1)c1cc(Br)ccc1O,NatComm,14,7.672493036
153,5repeatAllMolecules/5Bromo2hydroxyphenyl_5,50,231,0,0,343.128,16.5365211,25.88719726,21.77218766,"[21.63100371 16.71084691 18.52053066 25.24323157 23.20033912 19.6096128
 25.02777536 21.23817096 18.0897791  24.46189116 22.99258908 24.60786964
 25.88719726 22.75037041 16.5365211  22.66825816 20.79413665 22.34908203
 17.40671353 25.71783401]",22.56824646,C16H11BrN2O2,342.000389,68287-72-9,O=C(c1cnn(-c2ccccc2)c1)c1cc(Br)ccc1O,NatComm,14,7.772187661
154,5repeatAllMolecules/64Methylsulfonylphenyl_1,18,46,0,0,262.0526,12.97759737,18.19748465,16.0550191,"[16.03600458 12.97759737 14.37437435 15.48776169 15.54791017 17.50924563
 15.70704763 13.69226092 18.19748465 17.03176363 16.93065928 16.32095131
 18.06279394 15.92246921 16.74072287 15.89516839 15.79413799 14.89175355
 17.92082258 16.05945216]",17.94107122,C13H11NO3S,261.045966,834884-84-3,CS(=O)(=O)c1ccc(-c2cccc(C=O)n2)cc1,NatComm,11,5.055019095
155,5repeatAllMolecules/64Methylsulfonylphenyl_1_20181219051738,14,45,0,0,262.0526,12.97759737,18.19748465,16.0550191,"[16.03600458 12.97759737 14.37437435 15.48776169 15.54791017 17.50924563
 15.70704763 13.69226092 18.19748465 17.03176363 16.93065928 16.32095131
 18.06279394 15.92246921 16.74072287 15.89516839 15.79413799 14.89175355
 17.92082258 16.05945216]",17.94107122,C13H11NO3S,261.045966,834884-84-3,CS(=O)(=O)c1ccc(-c2cccc(C=O)n2)cc1,NatComm,11,5.055019095
156,5repeatAllMolecules/64Methylsulfonylphenyl_2,19,45,0,0,262.0526,12.97759737,18.19748465,16.0550191,"[16.03600458 12.97759737 14.37437435 15.48776169 15.54791017 17.50924563
 15.70704763 13.69226092 18.19748465 17.03176363 16.93065928 16.32095131
 18.06279394 15.92246921 16.74072287 15.89516839 15.79413799 14.89175355
 17.92082258 16.05945216]",17.94107122,C13H11NO3S,261.045966,834884-84-3,CS(=O)(=O)c1ccc(-c2cccc(C=O)n2)cc1,NatComm,11,5.055019095
157,5repeatAllMolecules/64Methylsulfonylphenyl_2_20181219052549,17,47,0,0,262.0526,12.97759737,18.19748465,16.0550191,"[16.03600458 12.97759737 14.37437435 15.48776169 15.54791017 17.50924563
 15.70704763 13.69226092 18.19748465 17.03176363 16.93065928 16.32095131
 18.06279394 15.92246921 16.74072287 15.89516839 15.79413799 14.89175355
 17.92082258 16.05945216]",17.94107122,C13H11NO3S,261.045966,834884-84-3,CS(=O)(=O)c1ccc(-c2cccc(C=O)n2)cc1,NatComm,11,5.055019095
158,5repeatAllMolecules/64Methylsulfonylphenyl_3,20,46,0,0,262.0526,12.97759737,18.19748465,16.0550191,"[16.03600458 12.97759737 14.37437435 15.48776169 15.54791017 17.50924563
 15.70704763 13.69226092 18.19748465 17.03176363 16.93065928 16.32095131
 18.06279394 15.92246921 16.74072287 15.89516839 15.79413799 14.89175355
 17.92082258 16.05945216]",17.94107122,C13H11NO3S,261.045966,834884-84-3,CS(=O)(=O)c1ccc(-c2cccc(C=O)n2)cc1,NatComm,11,5.055019095
159,5repeatAllMolecules/64Methylsulfonylphenyl_3_20181219053400,12,46,0,0,262.0526,13.52298887,20.06884246,16.46601957,"[15.20578606 13.52298887 15.55884632 16.35519078 16.16361383 18.95233832
 14.45482536 15.2794199  16.18580844 15.73781902 17.11958491 15.91307335
 18.37255879 16.72546973 17.08893277 16.28605312 15.65575951 17.22284705
 17.45063282 20.06884246]",17.94107122,C13H11NO3S,261.045966,834884-84-3,CS(=O)(=O)c1ccc(-c2cccc(C=O)n2)cc1,NatComm,11,5.466019571
160,5repeatAllMolecules/64Methylsulfonylphenyl_4,14,50,0,0,262.0527,12.17027415,19.23933953,15.98588262,"[16.41743992 13.42417341 14.56203504 14.54458433 16.93360091 16.87335044
 14.04443964 12.17027415 16.7024618  17.34092326 19.23933953 18.4299635
 16.20910665 15.53670416 17.53478651 18.0123087  13.72628569 14.73756941
 15.91628191 17.36202336]",17.59727308,C13H11NO3S,261.045966,834884-84-3,CS(=O)(=O)c1ccc(-c2cccc(C=O)n2)cc1,NatComm,11,4.985882616
161,5repeatAllMolecules/64Methylsulfonylphenyl_4_20181219054211,13,47,0,0,262.0527,11.39472264,19.08960054,15.66912425,"[15.98507152 16.48475814 15.30399397 18.11391233 12.82908464 14.04194712
 15.99790331 16.34333607 17.15514267 14.76886853 13.92123089 14.98328774
 16.55490803 14.71604101 19.08960054 14.47554219 17.14072798 15.13606577
 18.9463399  11.39472264]",17.59727308,C13H11NO3S,261.045966,834884-84-3,CS(=O)(=O)c1ccc(-c2cccc(C=O)n2)cc1,NatComm,11,4.66912425
162,5repeatAllMolecules/64Methylsulfonylphenyl_5,15,48,0,0,262.0526,12.25455786,19.20828276,16.12596714,"[17.98485083 12.25455786 17.27140983 13.31314313 14.88518172 15.89113662
 16.03589099 15.04899957 18.09221881 15.0367731  18.15923424 16.20870309
 15.42913289 16.12550222 19.20828276 16.9908812  15.6290271  15.97196278
 14.87308013 18.10937388]",17.94107122,C13H11NO3S,261.045966,834884-84-3,CS(=O)(=O)c1ccc(-c2cccc(C=O)n2)cc1,NatComm,11,5.125967138
163,5repeatAllMolecules/72HYDROXYPROPYLTHEOPHYLLINE_1,15,9,0,0,239.1137,12.45336077,18.13939497,14.85968389,"[15.56471287 15.31488184 14.81260865 16.63182774 12.95053268 14.90826784
 14.8253234  15.4813481  13.21027177 12.99929842 13.055527   16.55698225
 12.45336077 14.6314276  15.29152254 14.53947446 18.03540507 18.13939497
 15.02953039 12.76197945]",16.42403537,C10H14N4O3 ,238.10659,603-00-9,CC(O)Cn1cnc2c1c(=O)n(C)c(=O)n2C,NatComm,13,1.859683892
164,5repeatAllMolecules/72HYDROXYPROPYLTHEOPHYLLINE_2,8,9,0,0,239.1136,11.17589839,17.7415664,14.71020846,"[14.8841091  11.90652601 13.49854603 12.95907754 15.6458523  12.41644695
 15.60456709 13.57828959 15.56363302 16.90686772 15.5678346  15.15691575
 13.39087883 16.16460047 16.11102802 14.10085741 11.17589839 17.7415664
 15.08908934 16.74158458]",16.74293157,C10H14N4O3 ,238.10659,603-00-9,CC(O)Cn1cnc2c1c(=O)n(C)c(=O)n2C,NatComm,13,1.710208458
165,5repeatAllMolecules/72HYDROXYPROPYLTHEOPHYLLINE_3,20,13,0,0,239.1135,9.335369995,17.83809875,15.12285612,"[14.31819654 16.51477737 16.23685014 16.67766214 16.9132995  17.83809875
 17.31297185 17.50479959 13.12072634 15.28477203 14.74154353 12.05079481
 13.65655826 15.79526072 12.67577806  9.33536999 17.73255301 16.5066307
 14.20909084 14.03138822]",16.3459199,C10H14N4O3 ,238.10659,603-00-9,CC(O)Cn1cnc2c1c(=O)n(C)c(=O)n2C,NatComm,13,2.122856121
166,5repeatAllMolecules/72HYDROXYPROPYLTHEOPHYLLINE_4,15,11,0,0,239.1136,11.24586723,17.51147519,15.02958093,"[14.69594377 14.45617192 15.30742577 15.62687523 14.45686679 15.1604717
 15.53520741 13.95649765 15.1907708  17.51147519 16.46327189 15.46978558
 14.00629436 16.16062983 15.66182422 14.1266754  14.49004106 15.57308116
 11.24586723 15.49644168]",16.74293157,C10H14N4O3 ,238.10659,603-00-9,CC(O)Cn1cnc2c1c(=O)n(C)c(=O)n2C,NatComm,13,2.029580932
167,5repeatAllMolecules/72HYDROXYPROPYLTHEOPHYLLINE_5,15,11,0,0,239.1136,8.740833003,18.09642214,14.75569462,"[16.1712708  16.59155954 12.70825809 14.94527813 16.68029322 12.5919331
 13.60231395 14.38882261 16.93337163  8.740833   15.91956891 16.5153038
 15.58058589 14.84591346 18.09642214 13.39120725 13.6066455  13.37198349
 13.62387275 16.80845509]",16.74293157,C10H14N4O3 ,238.10659,603-00-9,CC(O)Cn1cnc2c1c(=O)n(C)c(=O)n2C,NatComm,13,1.755694618
168,5repeatAllMolecules/84Chlorophenyl_1,34,27,0,0,494.0059,26.57482153,40.25253414,32.21201321,"[29.81035432 33.83837812 27.41349545 31.25080093 33.19280942 32.64502349
 40.25253414 36.09101963 31.69301247 30.51157237 30.69598677 33.14266126
 32.50804668 33.99559087 28.45309188 26.57482153 31.65724119 29.60230526
 36.37038982 34.54112868]",34.09379473,C16H14ClN5NaO6PS,492.998868,93882-12-3,Nc1ncnc2c1nc(Sc1ccc(Cl)cc1)n2[C@@H]1O[C@@H]2COP(=O)([O-])O[C@H]2[C@H]1O.[Na+],NatComm,22,10.21201321
169,5repeatAllMolecules/84Chlorophenyl_2,40,21,0,0,494.0058,25.48916261,36.90784429,32.2068505,"[33.33793335 30.16950954 30.73003306 30.09029189 34.02290663 34.41174517
 25.48916261 36.90784429 31.08698934 30.9295806  26.62939762 36.4371293
 34.87407451 30.58577087 31.557911   33.43095524 32.6980645  32.69652961
 32.94001791 35.11116288]",33.6900924,C16H14ClN5NaO6PS,492.998868,93882-12-3,Nc1ncnc2c1nc(Sc1ccc(Cl)cc1)n2[C@@H]1O[C@@H]2COP(=O)([O-])O[C@H]2[C@H]1O.[Na+],NatComm,22,10.2068505
170,5repeatAllMolecules/84Chlorophenyl_3,35,22,0,0,494.0058,27.80683022,38.86130701,32.59344556,"[31.35744876 34.73954899 33.00002067 33.58767177 34.4963581  30.35419717
 31.92675537 34.02904556 27.80683022 38.86130701 34.23501073 33.44063763
 32.43851823 31.78517769 29.91179418 29.00736295 34.41474071 30.22857309
 31.32586372 34.92204864]",33.6900924,C16H14ClN5NaO6PS,492.998868,93882-12-3,Nc1ncnc2c1nc(Sc1ccc(Cl)cc1)n2[C@@H]1O[C@@H]2COP(=O)([O-])O[C@H]2[C@H]1O.[Na+],NatComm,22,10.59344556
171,5repeatAllMolecules/84Chlorophenyl_4,34,21,0,0,494.0059,27.21926282,39.37514126,32.56254914,"[27.21926282 31.75569889 32.23798861 30.95908211 32.19395748 34.64201341
 27.69418406 33.02577543 30.46908858 36.73715072 29.69815265 39.37514126
 33.08633808 34.30460521 30.17156892 36.08248654 34.01276738 30.98811696
 35.6280757  30.96952797]",34.09379473,C16H14ClN5NaO6PS,492.998868,93882-12-3,Nc1ncnc2c1nc(Sc1ccc(Cl)cc1)n2[C@@H]1O[C@@H]2COP(=O)([O-])O[C@H]2[C@H]1O.[Na+],NatComm,22,10.56254914
172,5repeatAllMolecules/84Chlorophenyl_5,35,24,0,0,494.0058,25.14918953,41.25719783,32.50998335,"[35.68246858 31.54323843 32.15610808 36.72881086 32.1460977  25.14918953
 31.87227182 29.9753277  32.15088484 30.00466629 28.90518483 28.8386569
 32.35804213 36.28665395 39.14587904 28.8806942  30.46664288 33.39691796
 41.25719783 33.25473347]",33.6900924,C16H14ClN5NaO6PS,492.998868,93882-12-3,Nc1ncnc2c1nc(Sc1ccc(Cl)cc1)n2[C@@H]1O[C@@H]2COP(=O)([O-])O[C@H]2[C@H]1O.[Na+],NatComm,22,10.50998335
173,5repeatAllMolecules/Adenosine5Monophosphate_1,2,65,0,0,367.0484,18.35559782,29.07329387,23.589516,"[26.96742733 24.32592465 21.46542963 27.31984128 22.33602423 22.02271115
 20.26774399 18.35559782 24.080904   25.16999793 23.57114628 20.6591374
 29.07329387 23.92939369 25.57398839 25.23456457 24.61019797 22.55751192
 20.61355437 23.65592961]",24.63316086,C10H12N5Na2O7P,391.026978,4578-31-8,Nc1ncnc2c1ncn2[C@@H]1O[C@H](COP(=O)([O-])[O-])[C@@H](O)[C@H]1O.[Na+].[Na+],NatComm,17,6.589516003
174,5repeatAllMolecules/Adenosine5Monophosphate_2,3,23,0,0,365.8877,20.77251165,27.929348,23.75057064,"[24.48403134 27.929348   21.28531375 23.06251323 20.77251165 24.92125718
 26.19762475 23.07683917 25.68503243 24.91674973 21.23617233 21.0328378
 23.37171641 25.01701097 22.40719645 22.83903525 23.10878821 26.34724473
 24.81500491 22.50518445]",25.48382519,C10H12N5Na2O7P,391.026978,4578-31-8,Nc1ncnc2c1ncn2[C@@H]1O[C@H](COP(=O)([O-])[O-])[C@@H](O)[C@H]1O.[Na+].[Na+],NatComm,17,6.750570637
175,5repeatAllMolecules/Adenosine5Monophosphate_3,19,29,0,0,367.0427,19.20787909,29.21085609,22.95939208,"[23.08976785 29.21085609 25.49435569 21.32732358 23.81371739 24.15922059
 22.11416829 24.29327176 20.10594769 19.64136372 20.6898926  20.20043566
 21.77148498 25.69163127 19.20787909 27.25531472 24.34270035 20.75567638
 23.32500467 22.69782932]",26.26635741,C10H12N5Na2O7P,391.026978,4578-31-8,Nc1ncnc2c1ncn2[C@@H]1O[C@H](COP(=O)([O-])[O-])[C@@H](O)[C@H]1O.[Na+].[Na+],NatComm,17,5.959392084
176,5repeatAllMolecules/Adenosine5Monophosphate_4,3,102,0,0,367.0083,20.1102234,28.77232478,23.84676747,"[25.16081041 23.47099032 21.48304775 20.1102234  23.09361952 26.19953605
 22.11926735 20.32448703 20.46436675 21.30035268 23.58938971 25.59690387
 24.42067508 25.05358    26.0310131  23.24511378 24.14877103 28.77232478
 24.99674468 27.35413209]",25.31502832,C10H12N5Na2O7P,391.026978,4578-31-8,Nc1ncnc2c1ncn2[C@@H]1O[C@H](COP(=O)([O-])[O-])[C@@H](O)[C@H]1O.[Na+].[Na+],NatComm,17,6.846767469
177,5repeatAllMolecules/Adenosine5Monophosphate_5,5,86,0,0,365.2141,20.01527136,28.57834687,23.91744598,"[22.88328593 26.61453241 24.76629572 22.26935817 28.57834687 21.69828502
 26.84699992 23.4138521  26.44709367 26.19832586 23.77237279 24.71214706
 24.17213239 21.00710419 23.94566982 22.20083298 24.09998349 21.40520469
 20.01527136 23.30182508]",23.9635275,C10H12N5Na2O7P,391.026978,4578-31-8,Nc1ncnc2c1ncn2[C@@H]1O[C@H](COP(=O)([O-])[O-])[C@@H](O)[C@H]1O.[Na+].[Na+],NatComm,17,6.917445977
178,5repeatAllMolecules/Ampicillin_sodium_salt_2,11,760,0,0,372.0978,18.41037594,27.44298552,23.47181354,"[26.22055362 27.44298552 25.99367548 27.36900346 19.74550775 20.4210507
 23.82999418 22.96920882 27.18782745 19.07339801 26.05515101 24.05434902
 23.26032519 23.02479581 22.35656007 18.41037594 23.29855384 25.55842846
 24.07145758 19.09306884]",25.85776488,C16H18N3NaO4S,371.091574,69-52-3,CC1(C)S[C@@H]2[C@H](NC(=O)[C@H](N)c3ccccc3)C(=O)N2[C@H]1C(=O)[O-].[Na+],NatComm,14,9.471813537
179,5repeatAllMolecules/Ampicillin_sodium_salt_5,12,1433,0,0,372.09795,18.50079586,28.36792897,23.8256616,"[21.10385891 23.68419396 23.46592236 24.05003015 24.71520517 21.53034768
 22.55611277 25.20119388 26.1963521  24.35179068 26.69728366 20.22165813
 28.36792897 22.87599723 21.59092474 25.18140836 24.80294658 24.22284987
 27.19643101 18.50079586]",25.19317528,C16H18N3NaO4S,371.091574,69-52-3,CC1(C)S[C@@H]2[C@H](NC(=O)[C@H](N)c3ccccc3)C(=O)N2[C@H]1C(=O)[O-].[Na+],NatComm,14,9.825661603
180,5repeatAllMolecules/Azetreonam_1,45,78,0,0,436.0581,20.77114712,28.62344277,25.49150379,"[24.5301226  22.76140614 26.3438551  24.76107027 28.58568108 27.35586841
 27.38510695 27.30159036 23.83300578 27.17281793 24.97819353 28.62344277
 20.77114712 25.59133913 27.39383629 24.7599982  24.35539906 22.81108487
 26.66045167 23.8546585 ]",31.01562561,C13H17N5O8S2,435.051859,78110-38-0,C[C@H]1[C@H](NC(=O)/C(=N\OC(C)(C)C(=O)O)c2csc(N)n2)C(=O)N1S(=O)(=O)O,NatComm,21,4.491503789
181,5repeatAllMolecules/Azetreonam_2,42,83,0,0,436.058,21.31587251,31.51090233,26.18220413,"[24.74446926 27.29906731 24.0024692  28.21145038 30.70857446 31.51090233
 27.99520913 28.03503465 24.52615388 21.31587251 22.92920194 29.63301753
 25.89158913 24.12646669 23.50540955 29.11588068 28.89104772 24.52713542
 22.92912618 23.7460047 ]",30.66793198,C13H17N5O8S2,435.051859,78110-38-0,C[C@H]1[C@H](NC(=O)/C(=N\OC(C)(C)C(=O)O)c2csc(N)n2)C(=O)N1S(=O)(=O)O,NatComm,21,5.182204133
182,5repeatAllMolecules/Azetreonam_3,50,83,0,0,436.0581,17.31505213,30.04479806,26.17242626,"[27.45084006 27.69742206 24.43481546 27.08232539 26.29237225 28.65010648
 29.55986972 30.04479806 27.27143907 26.78746053 24.21977349 28.45223918
 22.01476114 24.41869864 24.21753506 17.31505213 28.41888973 24.57761729
 27.29186311 27.25064634]",31.01562561,C13H17N5O8S2,435.051859,78110-38-0,C[C@H]1[C@H](NC(=O)/C(=N\OC(C)(C)C(=O)O)c2csc(N)n2)C(=O)N1S(=O)(=O)O,NatComm,21,5.172426261
183,5repeatAllMolecules/Azetreonam_4,43,79,0,0,436.058,21.31587251,31.51090233,26.18220413,"[24.74446926 27.29906731 24.0024692  28.21145038 30.70857446 31.51090233
 27.99520913 28.03503465 24.52615388 21.31587251 22.92920194 29.63301753
 25.89158913 24.12646669 23.50540955 29.11588068 28.89104772 24.52713542
 22.92912618 23.7460047 ]",30.66793198,C13H17N5O8S2,435.051859,78110-38-0,C[C@H]1[C@H](NC(=O)/C(=N\OC(C)(C)C(=O)O)c2csc(N)n2)C(=O)N1S(=O)(=O)O,NatComm,21,5.182204133
184,5repeatAllMolecules/Azetreonam_5,44,76,0,0,436.058,21.31587251,31.51090233,26.18220413,"[24.74446926 27.29906731 24.0024692  28.21145038 30.70857446 31.51090233
 27.99520913 28.03503465 24.52615388 21.31587251 22.92920194 29.63301753
 25.89158913 24.12646669 23.50540955 29.11588068 28.89104772 24.52713542
 22.92912618 23.7460047 ]",30.66793198,C13H17N5O8S2,435.051859,78110-38-0,C[C@H]1[C@H](NC(=O)/C(=N\OC(C)(C)C(=O)O)c2csc(N)n2)C(=O)N1S(=O)(=O)O,NatComm,21,5.182204133
185,5repeatAllMolecules/Bis2carbopentyloxy_1,123,44,0,0,678.0903,34.21686079,52.55953105,44.32241221,"[46.78678835 45.41059628 35.29587902 51.33276064 34.21686079 48.76828271
 40.75841463 47.34358404 45.41948614 40.83482682 43.12895313 42.14049286
 44.14477496 52.55953105 49.14828054 44.84429103 38.321038   43.96669115
 43.61515686 48.41155513]",47.77625364,C26H24Cl6O8,673.960238,75203-51-9,CCCCCOC(=O)c1c(Cl)cc(Cl)c(Cl)c1OC(=O)C(=O)Oc1c(Cl)c(Cl)cc(Cl)c1C(=O)OCCCCC,NatComm,15,29.32241221
186,5repeatAllMolecules/Bis2carbopentyloxy_2,50,46,0,0,677.2324,37.71380962,51.19034026,44.72234104,"[42.8982277  47.00400346 43.55202267 46.18214473 49.05349495 44.84188049
 49.35180771 51.19034026 45.19983177 37.71380962 42.91059953 43.33527826
 48.33898907 38.85745757 40.41158476 49.2920079  41.21848561 40.35802103
 46.86075922 45.87607449]",48.25110167,C26H24Cl6O8,673.960238,75203-51-9,CCCCCOC(=O)c1c(Cl)cc(Cl)c(Cl)c1OC(=O)C(=O)Oc1c(Cl)c(Cl)cc(Cl)c1C(=O)OCCCCC,NatComm,15,29.72234104
187,5repeatAllMolecules/Bis2carbopentyloxy_3,47,50,0,0,677.2322,29.11587457,56.09754481,45.65792984,"[53.73336571 50.51477461 38.91652721 46.42359886 42.26347123 44.26114695
 47.01286093 46.0424282  46.69962729 29.11587457 56.09754481 46.33569219
 39.19830692 48.93905403 52.1196344  43.42716436 46.12548678 47.25417441
 50.97959579 37.69826754]",49.51750773,C26H24Cl6O8,673.960238,75203-51-9,CCCCCOC(=O)c1c(Cl)cc(Cl)c(Cl)c1OC(=O)C(=O)Oc1c(Cl)c(Cl)cc(Cl)c1C(=O)OCCCCC,NatComm,15,30.65792984
188,5repeatAllMolecules/Bis2carbopentyloxy_4,70,43,0,0,678.0902,34.55319535,56.67189829,45.9168135,"[42.77955769 46.92204477 46.41289877 46.98757167 47.62458849 34.55319535
 37.45324805 51.07562521 52.40057985 46.48151179 43.20641564 42.79403204
 47.30276185 50.11395722 41.10991194 47.92544083 56.67189829 44.35543931
 50.52376774 41.64182357]",47.52706714,C26H24Cl6O8,673.960238,75203-51-9,CCCCCOC(=O)c1c(Cl)cc(Cl)c(Cl)c1OC(=O)C(=O)Oc1c(Cl)c(Cl)cc(Cl)c1C(=O)OCCCCC,NatComm,15,30.9168135
189,5repeatAllMolecules/Bis2carbopentyloxy_5,87,41,0,0,678.0901,34.03362403,52.78876155,45.24771118,"[41.19098309 43.44334332 38.4502431  41.26030521 39.3922295  48.12671202
 44.92743419 46.16777577 34.03362403 51.69006916 52.42236336 41.91454075
 47.08456371 46.27247325 48.46077632 45.23467699 42.90699454 48.00836621
 52.78876155 51.17798749]",48.8271381,C26H24Cl6O8,673.960238,75203-51-9,CCCCCOC(=O)c1c(Cl)cc(Cl)c(Cl)c1OC(=O)C(=O)Oc1c(Cl)c(Cl)cc(Cl)c1C(=O)OCCCCC,NatComm,15,30.24771118
190,5repeatAllMolecules/BisphenolAbischloroformate_1,6,19,0,0,354.2631,20.12295861,26.61773078,23.13062569,"[20.73932668 22.11995487 23.02208365 24.15364916 20.12295861 22.78608919
 22.97196207 23.99872983 25.87870703 23.77781977 21.12872977 24.37131727
 26.61773078 22.66608754 25.06646018 22.83174073 22.3585783  22.1893435
 24.33781758 21.47342725]",24.73508898,C17H14Cl2O4,352.026916,2024-88-6,CC(C)(c1ccc(OC(=O)Cl)cc1)c1ccc(OC(=O)Cl)cc1,NatComm,10,13.13062569
191,5repeatAllMolecules/BisphenolAbischloroformate_2,6,18,0,0,354.263,17.45431976,29.04393426,23.41228538,"[23.45215834 26.80201197 19.6836812  25.08658177 29.04393426 23.48577462
 23.05990937 19.64126724 20.33762784 25.59163507 20.21909077 27.21020737
 27.84770763 22.67192442 20.3769914  26.40271967 19.80062034 28.4804829
 21.59706157 17.45431976]",25.29380932,C17H14Cl2O4,352.026916,2024-88-6,CC(C)(c1ccc(OC(=O)Cl)cc1)c1ccc(OC(=O)Cl)cc1,NatComm,10,13.41228538
192,5repeatAllMolecules/BisphenolAbischloroformate_3,6,19,0,0,354.2629,18.73222651,27.19294665,22.71417282,"[22.15588871 27.19294665 26.02474025 25.88989865 18.73222651 19.37815341
 20.76698812 24.67565989 23.562434   22.00933973 20.35589462 22.47503326
 23.59516567 24.12956459 24.28084665 22.80423285 20.28449627 22.25113147
 23.22872898 20.49008613]",25.26777672,C17H14Cl2O4,352.026916,2024-88-6,CC(C)(c1ccc(OC(=O)Cl)cc1)c1ccc(OC(=O)Cl)cc1,NatComm,10,12.71417282
193,5repeatAllMolecules/BisphenolAbischloroformate_4,6,20,0,0,354.263,18.81748955,26.81620167,23.15679198,"[22.66644781 25.85501846 22.51273844 24.22962292 26.24888883 18.86446931
 21.98677253 24.55515654 21.48804258 23.49404279 26.00140321 20.24150549
 23.37491126 21.71839619 18.81748955 20.47411553 22.91805238 26.48627502
 26.81620167 24.38628916]",25.29380932,C17H14Cl2O4,352.026916,2024-88-6,CC(C)(c1ccc(OC(=O)Cl)cc1)c1ccc(OC(=O)Cl)cc1,NatComm,10,13.15679198
194,5repeatAllMolecules/BisphenolAbischloroformate_5,6,20,0,0,354.263,19.75319846,27.13279798,23.44617403,"[22.73251751 20.69467014 22.1776281  23.01342853 22.83061393 26.27554704
 25.03159791 24.43144078 22.98450857 27.13279798 21.52006273 25.46313129
 24.29005036 23.34022945 23.90639066 19.75319846 26.15957184 24.25633605
 21.08876741 21.84099185]",25.29380932,C17H14Cl2O4,352.026916,2024-88-6,CC(C)(c1ccc(OC(=O)Cl)cc1)c1ccc(OC(=O)Cl)cc1,NatComm,10,13.44617403
195,5repeatAllMolecules/Bretazenil_1,40,285,0,0,419.0787,19.27096212,25.59036302,22.3686409,"[20.7997221  22.23308349 19.27096212 24.50302717 22.83880286 21.43992415
 21.66007874 25.59036302 22.9433312  22.3914642  22.04784763 21.93913559
 22.43576466 23.61368446 20.188572   19.48776426 23.75489931 20.7264339
 24.03691314 25.47104397]",29.15949897,C19H20BrN3O3,417.068823,84379-13-5,CC(C)(C)OC(=O)c1ncn2c1[C@@H]1CCCN1C(=O)c1c(Br)cccc1-2,NatComm,19,3.368640899
196,5repeatAllMolecules/Bretazenil_2,20,108,0,0,420.0735,20.25837865,32.11888675,27.03258357,"[28.57185092 26.48185767 29.43821557 20.25837865 27.78886714 24.4285794
 25.7353453  28.99245986 30.04231289 22.50202865 31.55086827 29.11925054
 26.11652912 21.26472102 30.53829816 24.2955621  29.92063006 32.11888675
 25.53779457 25.94923469]",31.15967837,C19H20BrN3O3,417.068823,84379-13-5,CC(C)(C)OC(=O)c1ncn2c1[C@@H]1CCCN1C(=O)c1c(Br)cccc1-2,NatComm,19,8.032583567
197,5repeatAllMolecules/Bretazenil_3,23,123,0,0,420.0734,22.35838253,32.92680822,26.95875038,"[27.68819461 27.75384315 29.06157818 27.16341996 27.73748713 22.35838253
 27.14750434 25.07858453 30.61514609 24.6146102  29.61470275 26.09790631
 26.65872659 23.8375923  28.3137704  32.92680822 24.9578887  23.22504496
 25.28680567 29.0370109 ]",29.09204586,C19H20BrN3O3,417.068823,84379-13-5,CC(C)(C)OC(=O)c1ncn2c1[C@@H]1CCCN1C(=O)c1c(Br)cccc1-2,NatComm,19,7.958750376
198,5repeatAllMolecules/Bretazenil_4,26,173,0,0,420.0735,17.91397976,32.22770536,26.87837062,"[28.09791272 30.19567475 26.08541881 19.32135448 32.22770536 23.52317991
 29.07874792 27.23428161 29.78967458 24.31760938 30.27621017 29.65361969
 24.98522888 27.51246618 24.46974479 29.07950772 29.63939276 25.38157038
 17.91397976 28.78413262]",31.15967837,C19H20BrN3O3,417.068823,84379-13-5,CC(C)(C)OC(=O)c1ncn2c1[C@@H]1CCCN1C(=O)c1c(Br)cccc1-2,NatComm,19,7.878370623
199,5repeatAllMolecules/Bretazenil_5,44,362,0,0,419.0787,16.24921702,25.7446041,21.91595442,"[22.91873491 21.22994004 21.86118319 20.79049113 21.06395626 20.78727781
 22.48363589 22.9541816  20.96658595 20.80731714 25.57441182 23.9087097
 20.79899771 16.24921702 25.7446041  23.72734031 20.0931066  20.16004027
 24.3986907  21.80066631]",29.15949897,C19H20BrN3O3,417.068823,84379-13-5,CC(C)(C)OC(=O)c1ncn2c1[C@@H]1CCCN1C(=O)c1c(Br)cccc1-2,NatComm,19,2.915954423
200,5repeatAllMolecules/CDS009236_1,15,43,0,0,210.0945,7.94635165,17.32848897,12.44149692,"[10.7240607  10.85333213 12.87228365 14.28748603  7.94635165 16.43910121
  8.16049272 10.23608092 12.83641713 12.28658621 12.51655054 11.08029126
 11.28021401 11.24417351 13.76675514 13.3977419  12.40405656 15.23024356
 17.32848897 13.93923064]",14.06190452,C11H15NOS,209.087436,914349-59-0,COc1cccc(C2CSCCN2)c1,NatComm,10,2.441496923
201,5repeatAllMolecules/CDS009236_2,16,36,0,0,210.0945,10.21677125,15.10990364,12.65387773,"[14.6549884  10.21677125 12.11985786 14.68420615 10.89891138 11.39997309
 12.8577908  13.38012329 12.88138786 13.13875538 13.96099115 11.58231317
 14.57940716 11.66434244 10.70653462 10.80012622 13.78145778 10.86253088
 15.10990364 13.79718209]",14.06190452,C11H15NOS,209.087436,914349-59-0,COc1cccc(C2CSCCN2)c1,NatComm,10,2.653877731
202,5repeatAllMolecules/CDS009236_3,23,40,0,0,210.0945,10.21677125,15.10990364,12.65387773,"[14.6549884  10.21677125 12.11985786 14.68420615 10.89891138 11.39997309
 12.8577908  13.38012329 12.88138786 13.13875538 13.96099115 11.58231317
 14.57940716 11.66434244 10.70653462 10.80012622 13.78145778 10.86253088
 15.10990364 13.79718209]",14.06190452,C11H15NOS,209.087436,914349-59-0,COc1cccc(C2CSCCN2)c1,NatComm,10,2.653877731
203,5repeatAllMolecules/CDS009236_4,13,36,0,0,210.0945,10.21677125,15.10990364,12.65387773,"[14.6549884  10.21677125 12.11985786 14.68420615 10.89891138 11.39997309
 12.8577908  13.38012329 12.88138786 13.13875538 13.96099115 11.58231317
 14.57940716 11.66434244 10.70653462 10.80012622 13.78145778 10.86253088
 15.10990364 13.79718209]",14.06190452,C11H15NOS,209.087436,914349-59-0,COc1cccc(C2CSCCN2)c1,NatComm,10,2.653877731
204,5repeatAllMolecules/CDS009236_5,18,44,0,0,210.0945,10.21677125,15.10990364,12.65387773,"[14.6549884  10.21677125 12.11985786 14.68420615 10.89891138 11.39997309
 12.8577908  13.38012329 12.88138786 13.13875538 13.96099115 11.58231317
 14.57940716 11.66434244 10.70653462 10.80012622 13.78145778 10.86253088
 15.10990364 13.79718209]",14.06190452,C11H15NOS,209.087436,914349-59-0,COc1cccc(C2CSCCN2)c1,NatComm,10,2.653877731
205,5repeatAllMolecules/CDS014803_1,10,124,270,74,308.1059,17.16735241,24.65548154,19.8200196,"[21.89552566 22.90781162 17.37763042 20.8780806  22.95391614 19.2898693
 18.25291788 18.62809553 20.7959816  24.65548154 20.24154134 20.50637318
 18.00060223 19.1138514  19.55016471 17.16735241 18.01940361 17.98364533
 19.82264006 18.35950736]",21.47922672,C14H17N3O3S,307.099064,849925-03-7,CS(=O)(=O)c1ccc(-c2noc(C3CCNCC3)n2)cc1,NatComm,16,3.820019595
206,5repeatAllMolecules/CDS014803_2,11,22,355,36,308.1059,17.16735241,24.65548154,19.8200196,"[21.89552566 22.90781162 17.37763042 20.8780806  22.95391614 19.2898693
 18.25291788 18.62809553 20.7959816  24.65548154 20.24154134 20.50637318
 18.00060223 19.1138514  19.55016471 17.16735241 18.01940361 17.98364533
 19.82264006 18.35950736]",21.47922672,C14H17N3O3S,307.099064,849925-03-7,CS(=O)(=O)c1ccc(-c2noc(C3CCNCC3)n2)cc1,NatComm,16,3.820019595
207,5repeatAllMolecules/CDS014803_3,11,25,134,57,308.1059,15.59020254,23.39804077,20.04823576,"[17.89150939 18.2347048  15.59020254 21.22700359 19.42245321 17.31337782
 23.12018518 23.36902515 21.26589624 19.92638851 23.39804077 18.64873564
 22.27599458 21.7838902  22.77628523 16.38656961 17.13096148 23.25793282
 16.54795332 21.39760509]",21.47922672,C14H17N3O3S,307.099064,849925-03-7,CS(=O)(=O)c1ccc(-c2noc(C3CCNCC3)n2)cc1,NatComm,16,4.048235759
208,5repeatAllMolecules/CDS014803_4,11,27,224,74,308.1059,15.59020254,23.39804077,20.04823576,"[17.89150939 18.2347048  15.59020254 21.22700359 19.42245321 17.31337782
 23.12018518 23.36902515 21.26589624 19.92638851 23.39804077 18.64873564
 22.27599458 21.7838902  22.77628523 16.38656961 17.13096148 23.25793282
 16.54795332 21.39760509]",21.47922672,C14H17N3O3S,307.099064,849925-03-7,CS(=O)(=O)c1ccc(-c2noc(C3CCNCC3)n2)cc1,NatComm,16,4.048235759
209,5repeatAllMolecules/CDS014803_5,11,19,113,9,308.1059,17.16735241,24.65548154,19.8200196,"[21.89552566 22.90781162 17.37763042 20.8780806  22.95391614 19.2898693
 18.25291788 18.62809553 20.7959816  24.65548154 20.24154134 20.50637318
 18.00060223 19.1138514  19.55016471 17.16735241 18.01940361 17.98364533
 19.82264006 18.35950736]",21.47922672,C14H17N3O3S,307.099064,849925-03-7,CS(=O)(=O)c1ccc(-c2noc(C3CCNCC3)n2)cc1,NatComm,16,3.820019595
210,5repeatAllMolecules/CDS016302_1,11,14,0,0,264.0407,13.03516091,19.98306339,16.67550041,"[18.38835301 16.89731822 14.96190041 17.32804356 17.25531352 13.27176393
 15.08029141 16.26035834 19.98306339 18.13296782 19.70972031 17.77567349
 17.2516505  15.87623169 15.50486993 13.03516091 17.68247838 17.24099265
 16.45678398 15.4170727 ]",17.9272462,C9H8F3N3OS,263.034018,959582-07-1,Cc1cc(C(F)(F)F)n(-c2nc(CO)cs2)n1,NatComm,15,1.675500406
211,5repeatAllMolecules/CDS016302_2,10,12,0,0,264.0407,11.62293036,20.30981161,17.04717441,"[17.31011979 15.23611557 17.1862529  16.0022593  15.57828618 16.7142504
 17.95435446 14.58408286 18.87642737 16.43929354 19.30793036 16.46211974
 16.47101422 18.80978867 11.62293036 20.30981161 19.33150277 17.31470305
 17.47347226 17.95877268]",17.9272462,C9H8F3N3OS,263.034018,959582-07-1,Cc1cc(C(F)(F)F)n(-c2nc(CO)cs2)n1,NatComm,15,2.047174406
212,5repeatAllMolecules/CDS020670_1,7,9,0,0,352.1859,18.37399399,27.58216752,23.02468062,"[22.30091982 23.75877073 21.85476205 22.38010942 19.31947838 23.29658709
 22.15932815 22.56561789 19.47814828 24.71063721 27.02393985 25.51026885
 18.37399399 22.67513763 27.22848843 21.79995421 25.08563161 27.58216752
 22.54593376 20.84373758]",24.97045777,C17H25N3O5,351.179,14609-04-2,CC(C)(C)OC(=O)N[C@@H](CCCCNC(=O)c1cccnc1)C(=O)O,NatComm,17,6.024680623
213,5repeatAllMolecules/CDS020670_2,7,9,0,0,352.1859,18.37399399,27.58216752,23.02468062,"[22.30091982 23.75877073 21.85476205 22.38010942 19.31947838 23.29658709
 22.15932815 22.56561789 19.47814828 24.71063721 27.02393985 25.51026885
 18.37399399 22.67513763 27.22848843 21.79995421 25.08563161 27.58216752
 22.54593376 20.84373758]",24.97045777,C17H25N3O5,351.179,14609-04-2,CC(C)(C)OC(=O)N[C@@H](CCCCNC(=O)c1cccnc1)C(=O)O,NatComm,17,6.024680623
214,5repeatAllMolecules/CDS020670_3,7,9,0,0,352.1859,18.37399399,27.58216752,23.02468062,"[22.30091982 23.75877073 21.85476205 22.38010942 19.31947838 23.29658709
 22.15932815 22.56561789 19.47814828 24.71063721 27.02393985 25.51026885
 18.37399399 22.67513763 27.22848843 21.79995421 25.08563161 27.58216752
 22.54593376 20.84373758]",24.97045777,C17H25N3O5,351.179,14609-04-2,CC(C)(C)OC(=O)N[C@@H](CCCCNC(=O)c1cccnc1)C(=O)O,NatComm,17,6.024680623
215,5repeatAllMolecules/CDS020670_4,7,9,0,0,352.1859,18.37399399,27.58216752,23.02468062,"[22.30091982 23.75877073 21.85476205 22.38010942 19.31947838 23.29658709
 22.15932815 22.56561789 19.47814828 24.71063721 27.02393985 25.51026885
 18.37399399 22.67513763 27.22848843 21.79995421 25.08563161 27.58216752
 22.54593376 20.84373758]",24.97045777,C17H25N3O5,351.179,14609-04-2,CC(C)(C)OC(=O)N[C@@H](CCCCNC(=O)c1cccnc1)C(=O)O,NatComm,17,6.024680623
216,5repeatAllMolecules/CDS020670_5,7,9,0,0,352.1859,18.37399399,27.58216752,23.02468062,"[22.30091982 23.75877073 21.85476205 22.38010942 19.31947838 23.29658709
 22.15932815 22.56561789 19.47814828 24.71063721 27.02393985 25.51026885
 18.37399399 22.67513763 27.22848843 21.79995421 25.08563161 27.58216752
 22.54593376 20.84373758]",24.97045777,C17H25N3O5,351.179,14609-04-2,CC(C)(C)OC(=O)N[C@@H](CCCCNC(=O)c1cccnc1)C(=O)O,NatComm,17,6.024680623
217,5repeatAllMolecules/CDS021753_1,10,47,0,0,195.1378,8.464807749,15.24270911,11.43112811,"[12.43832836 11.01291666 15.24270911 11.45235685 10.82680296 11.17735218
 12.272613   11.45072103 12.85792449 11.3797679   9.73333858  8.97191316
  8.46480775 15.09211912 10.54720521 12.64682567 10.35713216 10.59905965
 11.23848359 10.86018483]",12.35614719,C12H18O2,194.130679,711-01-3,COC(=O)C12CC3CC(CC(C3)C1)C2,NatComm,8,3.431128113
218,5repeatAllMolecules/CDS021753_2,10,46,0,0,195.1378,8.464807749,15.24270911,11.43112811,"[12.43832836 11.01291666 15.24270911 11.45235685 10.82680296 11.17735218
 12.272613   11.45072103 12.85792449 11.3797679   9.73333858  8.97191316
  8.46480775 15.09211912 10.54720521 12.64682567 10.35713216 10.59905965
 11.23848359 10.86018483]",12.35614719,C12H18O2,194.130679,711-01-3,COC(=O)C12CC3CC(CC(C3)C1)C2,NatComm,8,3.431128113
219,5repeatAllMolecules/CDS021753_3,9,44,0,0,195.1377,8.068338302,14.75253876,11.21023319,"[10.27998606 10.65182165 11.89550408 13.42716121 10.97489547  9.52542372
  9.09510523 13.48654282 10.28365895 13.87206251 11.18666419  9.51381177
  8.65629311  8.0683383   9.51912013 14.75253876 11.50392569 12.68280227
 10.84869523 13.9803127 ]",13.58138149,C12H18O2,194.130679,711-01-3,COC(=O)C12CC3CC(CC(C3)C1)C2,NatComm,8,3.210233191
220,5repeatAllMolecules/CDS021753_4,10,43,0,0,195.1378,8.464807749,15.24270911,11.43112811,"[12.43832836 11.01291666 15.24270911 11.45235685 10.82680296 11.17735218
 12.272613   11.45072103 12.85792449 11.3797679   9.73333858  8.97191316
  8.46480775 15.09211912 10.54720521 12.64682567 10.35713216 10.59905965
 11.23848359 10.86018483]",12.35614719,C12H18O2,194.130679,711-01-3,COC(=O)C12CC3CC(CC(C3)C1)C2,NatComm,8,3.431128113
221,5repeatAllMolecules/CDS021753_5,10,36,0,0,195.1377,8.068338302,14.75253876,11.21023319,"[10.27998606 10.65182165 11.89550408 13.42716121 10.97489547  9.52542372
  9.09510523 13.48654282 10.28365895 13.87206251 11.18666419  9.51381177
  8.65629311  8.0683383   9.51912013 14.75253876 11.50392569 12.68280227
 10.84869523 13.9803127 ]",13.58138149,C12H18O2,194.130679,711-01-3,COC(=O)C12CC3CC(CC(C3)C1)C2,NatComm,8,3.210233191
222,5repeatAllMolecules/CDS022270_1,35,98,0,0,206.0269,7.203191769,11.81776718,9.557874365,"[10.64461383  9.70248413 10.13905503 10.40299563 11.54317518  9.07064799
  9.0483347   9.60779378  9.64578737  9.31395953 10.61452183  8.34874221
  7.88182852 11.81776718 10.22928785 10.25453416  7.20319177  7.81562797
  9.6105635   8.26257515]",13.7359837,C10H7NO2S,205.019751,893723-57-4,O=C(O)c1ccnc(-c2cccs2)c1,NatComm,10,0.442125635
223,5repeatAllMolecules/CDS022270_3,35,90,0,0,206.0269,6.515007729,11.23962164,9.356830318,"[10.51337387  9.36344272 11.07625989 10.5348199   9.82409588  9.50220378
 11.04201196 11.23962164  6.51500773  8.77352091  9.63829838  7.20118476
 10.80293389  8.67867989  9.29347376  8.78823248  8.12722533  8.42486092
  8.79679924  9.00055943]",13.7359837,C10H7NO2S,205.019751,893723-57-4,O=C(O)c1ccnc(-c2cccs2)c1,NatComm,10,0.643169682
224,5repeatAllMolecules/CDS022270_4,37,96,0,0,206.02685,7.096460676,11.77954268,9.368385133,"[10.6755939  10.41582103  9.2331439   8.89346462 11.77954268 10.311237
  8.44950205 10.1899135   9.45840624  8.77228479 11.16046804  8.66823572
  7.27420719  9.27757408  8.28464521  8.6950232  11.12309737  8.62090759
  8.98817387  7.09646068]",14.01525514,C10H7NO2S,205.019751,893723-57-4,O=C(O)c1ccnc(-c2cccs2)c1,NatComm,10,0.631614867
225,5repeatAllMolecules/CDS022270_5,38,94,0,0,206.0269,7.875648315,13.08474887,10.03852139,"[11.33008973  9.70745757 10.03842341  9.50806434  9.53284203 10.81531348
  8.43137018 11.39863581  8.84718725 11.04770556  9.69443616  8.22063056
 10.56178995 10.02816335  9.47564518  7.87564831 13.08474887 11.49391722
  8.81451953 10.86383923]",13.7359837,C10H7NO2S,205.019751,893723-57-4,O=C(O)c1ccnc(-c2cccs2)c1,NatComm,10,0.038521386
226,5repeatAllMolecules/CITCO_1,52,304,0,0,437.9806,19.45098541,28.63047505,24.94037329,"[26.843103   25.32297065 27.83093684 24.61828698 23.43535481 21.87544257
 20.66041331 28.63047505 24.55917156 26.08487659 23.48421515 25.16678881
 27.62765705 23.64343492 23.11465299 25.02865928 27.08861764 27.45278647
 26.88863672 19.45098541]",31.93855353,C19H12Cl3N3OS,434.976668,338404-52-7,Clc1ccc(-c2nc3sccn3c2/C=N/OCc2ccc(Cl)c(Cl)c2)cc1,NatComm,19,5.940373289
227,5repeatAllMolecules/CITCO_2,53,328,0,0,437.9806,23.73343927,34.37594864,28.12480063,"[25.43430799 29.12394085 28.93411226 27.50881916 26.34307809 34.37594864
 28.88915464 29.66303152 32.86271245 23.73343927 24.89769163 26.00243361
 30.74962843 24.19470276 28.30494389 25.31816533 29.65857544 32.66627325
 29.16172114 24.67333215]",31.93855353,C19H12Cl3N3OS,434.976668,338404-52-7,Clc1ccc(-c2nc3sccn3c2/C=N/OCc2ccc(Cl)c(Cl)c2)cc1,NatComm,19,9.124800625
228,5repeatAllMolecules/CITCO_3,38,290,0,0,437.9807,24.24068606,31.21204696,27.51301406,"[29.02406044 27.53396939 26.18587456 27.95267997 25.06370605 30.65858816
 26.95970466 27.11529052 27.92791833 24.30513133 27.99334784 24.24068606
 24.75139201 25.11868486 28.22398361 30.25216081 30.13149065 29.16166784
 31.21204696 26.44789716]",30.16910343,C19H12Cl3N3OS,434.976668,338404-52-7,Clc1ccc(-c2nc3sccn3c2/C=N/OCc2ccc(Cl)c(Cl)c2)cc1,NatComm,19,8.513014061
229,5repeatAllMolecules/CITCO_4,48,235,0,0,437.9807,24.00840688,32.82272925,27.59144046,"[24.00840688 25.02852724 29.98567921 27.57808398 30.10148347 32.38245621
 29.3868847  28.23188413 28.09481018 25.73700019 32.82272925 29.36879251
 27.04995413 25.61868216 26.23058379 24.6777274  27.51628996 25.02012929
 26.99133806 25.99736644]",30.16910343,C19H12Cl3N3OS,434.976668,338404-52-7,Clc1ccc(-c2nc3sccn3c2/C=N/OCc2ccc(Cl)c(Cl)c2)cc1,NatComm,19,8.591440459
230,5repeatAllMolecules/CITCO_5,44,218,0,0,437.9807,19.5351397,34.55820406,28.13868574,"[29.8499472  26.27073781 31.09617342 27.8148796  28.36941801 32.10883627
 27.60672347 30.41879644 34.55820406 19.5351397  33.16040654 30.48979273
 27.42398085 26.03788324 26.39742318 30.13346298 29.58468887 22.60503326
 24.58957105 24.72261619]",30.16910343,C19H12Cl3N3OS,434.976668,338404-52-7,Clc1ccc(-c2nc3sccn3c2/C=N/OCc2ccc(Cl)c(Cl)c2)cc1,NatComm,19,9.138685745
231,5repeatAllMolecules/Cefpodoxime_1,122,131,0,0,428.0687,21.92431716,32.03149786,27.07031754,"[32.03149786 29.57227363 23.20829345 27.23678488 25.34239365 28.79667476
 27.84534717 31.0072801  26.69083641 29.48369013 27.05217846 26.21819555
 21.92431716 28.394178   22.87353763 28.35946849 22.63262777 27.85101367
 28.82806438 26.05769768]",30.28359337,C15H17N5O6S2,427.062029,80210-62-4,COCC1=C(C(=O)O)N2C(=O)[C@@H](NC(=O)/C(=N\OC)c3csc(N)n3)[C@H]2SC1,NatComm,21,6.070317541
232,5repeatAllMolecules/Ceftiofur_1,83,241,0,0,524.036,30.57597613,37.73849042,33.86385365,"[34.19405369 32.07804048 35.50343103 31.45253655 32.67331658 32.70354349
 34.51071481 34.44861889 31.83662278 30.7648054  35.53136291 36.40710021
 37.73849042 30.57597613 37.56957457 33.16142895 31.7174044  32.09961833
 36.2810894  36.02934404]",36.26667675,C19H17N5O7S3,523.029016,80370-57-6,CO/N=C(\C(=O)N[C@@H]1C(=O)N2C(C(=O)O)=C(CSC(=O)c3ccco3)CS[C@H]12)c1csc(N)n1,NatComm,25,8.863853653
233,5repeatAllMolecules/Ceftiofur_2,137,73,0,0,524.1652,31.59736513,37.73749402,34.51122001,"[34.25467504 33.48915394 34.02115397 31.87223416 34.59897558 32.68841374
 37.73749402 36.28360176 33.46228964 36.30635637 37.04500023 34.09474906
 34.33962104 33.64319158 35.84632934 35.57083858 35.9093824  31.59736513
 34.41933957 33.04423503]",36.3708149,C19H17N5O7S3,523.029016,80370-57-6,CO/N=C(\C(=O)N[C@@H]1C(=O)N2C(C(=O)O)=C(CSC(=O)c3ccco3)CS[C@H]12)c1csc(N)n1,NatComm,25,9.511220009
234,5repeatAllMolecules/Ceftiofur_3,77,253,0,0,524.5316,28.94934694,40.04717562,34.0003012,"[28.94934694 35.52240608 37.60199678 32.68496177 35.84453059 32.38114635
 37.2315092  31.44129309 34.35561513 37.18560841 32.06825739 34.34540686
 32.33215805 35.66863041 35.29657575 31.21779976 31.88262005 31.08802266
 32.86096314 40.04717562]",37.9550546,C19H17N5O7S3,523.029016,80370-57-6,CO/N=C(\C(=O)N[C@@H]1C(=O)N2C(C(=O)O)=C(CSC(=O)c3ccco3)CS[C@H]12)c1csc(N)n1,NatComm,25,9.000301202
235,5repeatAllMolecules/Ceftiofur_4,78,116,0,0,524.478,29.63374919,41.97045995,34.86137989,"[40.72765584 33.66689139 29.63374919 30.6436077  37.68470098 35.47337301
 35.05393798 41.97045995 36.14090609 30.85824625 33.94206514 40.60520613
 35.45974026 31.08135301 29.64724812 32.55062782 30.6768649  35.82559613
 39.87740932 35.70795868]",35.75248453,C19H17N5O7S3,523.029016,80370-57-6,CO/N=C(\C(=O)N[C@@H]1C(=O)N2C(C(=O)O)=C(CSC(=O)c3ccco3)CS[C@H]12)c1csc(N)n1,NatComm,25,9.861379894
236,5repeatAllMolecules/Ceftiofur_5,90,111,0,0,524.0358,29.24090071,38.08663669,33.40506469,"[35.28967072 29.24090071 30.4012669  34.10603531 30.21764597 32.58748648
 30.07419586 37.2182253  31.82597951 34.26096635 37.53202291 32.64701472
 29.60820969 32.39296229 34.0073239  35.62841741 38.08663669 30.44238685
 37.80663025 34.72731597]",38.81485857,C19H17N5O7S3,523.029016,80370-57-6,CO/N=C(\C(=O)N[C@@H]1C(=O)N2C(C(=O)O)=C(CSC(=O)c3ccco3)CS[C@H]12)c1csc(N)n1,NatComm,25,8.40506469
237,5repeatAllMolecules/Chlorquinaldol_1,23,83,0,0,229.5149,9.290134161,15.88999574,13.71107013,"[13.71561378 15.79411269 14.21784771 11.74368168 14.72278895 14.35692716
 14.05610629 12.58939035 14.26954512 12.4170511  13.63870776 14.92778069
  9.29013416 12.20909565 15.25324129 15.88999574 14.74909395 13.8476301
 11.43562742 15.09703098]",14.77621906,C10H7Cl2NO,226.99047,72-80-0,Cc1ccc2c(Cl)cc(Cl)c(O)c2n1,NatComm,10,3.711070129
238,5repeatAllMolecules/Chlorquinaldol_2,22,105,0,0,229.515,9.459768886,16.78594812,13.13623753,"[14.47524118 15.36070125 13.6581473  12.14114883 16.78594812  9.97096954
 10.64496323 13.02462592 11.95212739 14.05184933 14.27432459 12.19365283
 14.35236147  9.69898975 14.62027089 15.52980559  9.45976889 15.117506
 12.4626618  12.94968661]",15.41884816,C10H7Cl2NO,226.99047,72-80-0,Cc1ccc2c(Cl)cc(Cl)c(O)c2n1,NatComm,10,3.136237526
239,5repeatAllMolecules/Chlorquinaldol_3,23,109,0,0,229.515,9.459768886,16.78594812,13.13623753,"[14.47524118 15.36070125 13.6581473  12.14114883 16.78594812  9.97096954
 10.64496323 13.02462592 11.95212739 14.05184933 14.27432459 12.19365283
 14.35236147  9.69898975 14.62027089 15.52980559  9.45976889 15.117506
 12.4626618  12.94968661]",15.41884816,C10H7Cl2NO,226.99047,72-80-0,Cc1ccc2c(Cl)cc(Cl)c(O)c2n1,NatComm,10,3.136237526
240,5repeatAllMolecules/Chlorquinaldol_4,25,152,0,0,229.5151,9.645979789,16.20564157,13.16477221,"[15.16466247  9.64597979 11.52831662 14.91562693 11.87483918 10.01258377
 16.20564157 15.51175743 10.47399713 14.87762341 13.82245259 12.19459349
 11.46038147 14.52506012 10.48273804 15.24384557 13.56063817 12.80714466
 14.11167068 14.87589118]",15.49130484,C10H7Cl2NO,226.99047,72-80-0,Cc1ccc2c(Cl)cc(Cl)c(O)c2n1,NatComm,10,3.164772212
241,5repeatAllMolecules/Chlorquinaldol_5,23,52,0,0,229.515,9.613700086,16.56678964,13.27302086,"[12.43109044 12.7925745  14.03901116 16.14459177 11.4975181  15.46476099
 13.17296382 14.79553078 13.79602635 14.58845387 15.39420443 10.8422945
 12.1618434  11.53652069 11.49876381 13.55584984 16.56678964 13.33628942
  9.61370009 12.23163967]",15.41884816,C10H7Cl2NO,226.99047,72-80-0,Cc1ccc2c(Cl)cc(Cl)c(O)c2n1,NatComm,10,3.273020864
242,5repeatAllMolecules/Clozapine_1,11,33,0,0,327.1365,15.95353803,24.23003931,19.70943165,"[20.15474615 21.74627078 20.10067622 18.84344765 21.82928179 21.50673195
 24.23003931 20.54552576 15.95353803 19.53399676 17.82954983 18.42707944
 19.40477932 19.6545603  22.83709235 17.51694245 18.9767196  18.18806846
 18.02443214 18.88515474]",24.04578901,C18H19ClN4,326.129824,5786-21-0,CN1CCN(C2=Nc3cc(Cl)ccc3Nc3ccccc32)CC1,NatComm,14,5.709431652
243,5repeatAllMolecules/Clozapine_2,12,31,0,0,327.1365,15.95353803,24.23003931,19.70943165,"[20.15474615 21.74627078 20.10067622 18.84344765 21.82928179 21.50673195
 24.23003931 20.54552576 15.95353803 19.53399676 17.82954983 18.42707944
 19.40477932 19.6545603  22.83709235 17.51694245 18.9767196  18.18806846
 18.02443214 18.88515474]",24.04578901,C18H19ClN4,326.129824,5786-21-0,CN1CCN(C2=Nc3cc(Cl)ccc3Nc3ccccc32)CC1,NatComm,14,5.709431652
244,5repeatAllMolecules/Clozapine_3,12,29,0,0,327.1365,14.6158449,22.10058769,19.26739575,"[20.64442613 20.23624032 21.04394869 17.00046737 16.44393575 20.99293851
 20.15409847 18.01371965 18.65550059 15.9718672  22.02761898 20.87865969
 16.37251414 14.6158449  22.10058769 21.7172316  15.87580727 19.73662733
 21.91420537 20.95167525]",24.04578901,C18H19ClN4,326.129824,5786-21-0,CN1CCN(C2=Nc3cc(Cl)ccc3Nc3ccccc32)CC1,NatComm,14,5.267395745
245,5repeatAllMolecules/Clozapine_4,12,33,0,0,327.1364,16.0731148,22.28554818,19.22152469,"[20.69462511 21.04704725 20.97131256 16.0731148  21.80907398 20.6029223
 20.80752556 18.74401841 16.48939969 22.28554818 18.00019276 17.31296048
 20.06333944 19.17064161 19.61625571 17.18210153 19.18736339 18.87408256
 16.34223587 19.15673258]",22.10093822,C18H19ClN4,326.129824,5786-21-0,CN1CCN(C2=Nc3cc(Cl)ccc3Nc3ccccc32)CC1,NatComm,14,5.221524688
246,5repeatAllMolecules/Clozapine_5,9,31,0,0,327.1364,13.34246276,22.34466735,18.92212779,"[19.62874975 19.66476531 21.24699202 16.21082189 16.89600996 19.98962324
 21.90918621 17.29934445 17.09272273 16.1205578  21.79355476 20.225191
 16.17613251 13.34246276 22.34466735 21.92928689 16.87959868 19.65527704
 20.26198839 19.77562312]",22.10093822,C18H19ClN4,326.129824,5786-21-0,CN1CCN(C2=Nc3cc(Cl)ccc3Nc3ccccc32)CC1,NatComm,14,4.922127792
247,5repeatAllMolecules/Clozapine_5_20181219034749,38,218,0,0,298.9551,10.34088901,22.20644291,17.58570095,"[16.43148756 19.17199328 18.39673461 16.29344958 10.34088901 19.55036191
 17.37621317 15.99782022 17.02663137 19.1031063  19.36282189 16.81952546
 18.00269048 15.71391866 18.56871296 22.20644291 17.4950312  20.59361935
 17.29409329 15.96847574]",19.63179418,C18H19ClN4,326.129824,5786-21-0,CN1CCN(C2=Nc3cc(Cl)ccc3Nc3ccccc32)CC1,NatComm,14,3.585700948
248,5repeatAllMolecules/Cyclosulfamuron_1,26,49,0,0,422.112,24.17705262,32.24337772,27.26941953,"[27.53639262 27.7486749  28.04222363 32.24337772 30.01358417 27.85770251
 29.63995409 26.56341696 25.38459691 24.90298908 25.9302791  24.25010077
 24.18589434 28.46486642 26.97117552 24.17705262 25.8121631  27.23712129
 29.15813591 29.26868886]",31.61428678,C17H19N5O6S,421.105606,136849-15-5,COc1cc(OC)nc(NC(=O)NS(=O)(=O)Nc2ccccc2C(=O)C2CC2)n1,NatComm,22,5.269419526
249,5repeatAllMolecules/Cyclosulfamuron_2,24,55,0,0,422.1121,22.12848279,31.5070554,27.35091099,"[29.5992536  25.04825107 27.4001062  31.5070554  30.67060361 26.14948078
 26.51407333 25.39509356 28.27344694 27.02944353 27.03092957 27.57262152
 31.15957206 24.74479144 27.18027166 26.77370968 28.80808947 26.83392475
 22.12848279 27.19901893]",30.87014031,C17H19N5O6S,421.105606,136849-15-5,COc1cc(OC)nc(NC(=O)NS(=O)(=O)Nc2ccccc2C(=O)C2CC2)n1,NatComm,22,5.350910995
250,5repeatAllMolecules/Cyclosulfamuron_3,21,52,0,0,422.112,24.17705262,32.24337772,27.26941953,"[27.53639262 27.7486749  28.04222363 32.24337772 30.01358417 27.85770251
 29.63995409 26.56341696 25.38459691 24.90298908 25.9302791  24.25010077
 24.18589434 28.46486642 26.97117552 24.17705262 25.8121631  27.23712129
 29.15813591 29.26868886]",31.61428678,C17H19N5O6S,421.105606,136849-15-5,COc1cc(OC)nc(NC(=O)NS(=O)(=O)Nc2ccccc2C(=O)C2CC2)n1,NatComm,22,5.269419526
251,5repeatAllMolecules/Cyclosulfamuron_4,22,58,0,0,422.112,24.17705262,32.24337772,27.26941953,"[27.53639262 27.7486749  28.04222363 32.24337772 30.01358417 27.85770251
 29.63995409 26.56341696 25.38459691 24.90298908 25.9302791  24.25010077
 24.18589434 28.46486642 26.97117552 24.17705262 25.8121631  27.23712129
 29.15813591 29.26868886]",31.61428678,C17H19N5O6S,421.105606,136849-15-5,COc1cc(OC)nc(NC(=O)NS(=O)(=O)Nc2ccccc2C(=O)C2CC2)n1,NatComm,22,5.269419526
252,5repeatAllMolecules/Cyclosulfamuron_5,21,59,0,0,422.1121,24.60866896,32.15870731,27.56248611,"[26.44961731 29.15802399 27.94350971 31.92507447 27.52941024 30.288456
 24.60866896 26.46039617 26.08019489 25.64448528 27.99283261 25.05967892
 28.61190907 27.07869955 25.24841287 26.77676521 24.65105878 30.19572464
 32.15870731 27.38809619]",30.87014031,C17H19N5O6S,421.105606,136849-15-5,COc1cc(OC)nc(NC(=O)NS(=O)(=O)Nc2ccccc2C(=O)C2CC2)n1,NatComm,22,5.562486108
253,5repeatAllMolecules/DPH_1,11,136,0,0,337.1091,13.23582456,20.14722775,16.52098176,"[17.05791537 16.12857655 18.11304981 18.35124784 16.27400893 13.23582456
 17.2726828  18.33844426 14.22089107 16.83679606 15.23024129 15.71188174
 15.76686664 14.81819306 15.79591995 16.30026531 20.14722775 17.97042508
 16.90238107 15.94679612]",24.26728372,C18H13FN4O2,336.102254,484049-04-9,O=C1NC(=O)C(c2cn(-c3ccccc3)nc2-c2ccc(F)cc2)N1,NatComm,16,0.520981762
254,5repeatAllMolecules/DPH_2,10,142,0,0,337.1091,13.22718859,21.53021151,17.08544047,"[18.26214042 17.04707348 19.50190498 18.26580157 15.63187083 16.44815616
 19.04893535 17.77163381 16.1584483  17.95190666 13.22718859 16.1259873
 14.59600901 16.73842179 19.19207048 15.33214947 19.10091899 21.53021151
 13.38131025 16.39667053]",24.26728372,C18H13FN4O2,336.102254,484049-04-9,O=C1NC(=O)C(c2cn(-c3ccccc3)nc2-c2ccc(F)cc2)N1,NatComm,16,1.085440474
255,5repeatAllMolecules/DPH_3,13,146,0,0,337.1091,15.98524683,22.99678715,19.1367437,"[18.46356303 19.20367788 21.15255738 21.92949795 19.44184131 16.26320983
 22.99678715 17.66995835 18.26692844 19.68732434 15.98524683 16.38765251
 18.0297313  17.91880935 21.60267456 18.78765105 21.61917236 20.42811374
 18.13028546 18.77019119]",24.26728372,C18H13FN4O2,336.102254,484049-04-9,O=C1NC(=O)C(c2cn(-c3ccccc3)nc2-c2ccc(F)cc2)N1,NatComm,16,3.136743701
256,5repeatAllMolecules/DPH_4,9,168,0,0,337.1091,17.26317901,24.01983471,20.78861889,"[21.15582639 21.9178714  22.81855045 24.01983471 17.29046943 19.82818819
 21.98540181 21.55304649 20.53517028 23.83905639 18.66093172 17.41001641
 17.26317901 22.20868319 21.18225572 21.04162676 20.21968119 21.98645336
 19.30728945 21.54884548]",24.26728372,C18H13FN4O2,336.102254,484049-04-9,O=C1NC(=O)C(c2cn(-c3ccccc3)nc2-c2ccc(F)cc2)N1,NatComm,16,4.788618891
257,5repeatAllMolecules/DPH_5,14,187,0,0,337.1091,16.55700971,22.12104007,19.58212153,"[19.98466334 19.7124032  20.65140214 17.71671543 17.9094788  19.01460308
 20.73229558 18.4557685  18.26497583 21.17107041 22.12104007 20.13867096
 19.2046785  17.66488036 20.8146963  19.92336615 16.55700971 20.72401904
 21.34950259 19.53119068]",24.26728372,C18H13FN4O2,336.102254,484049-04-9,O=C1NC(=O)C(c2cn(-c3ccccc3)nc2-c2ccc(F)cc2)N1,NatComm,16,3.582121533
258,5repeatAllMolecules/D_Plus_Biotin_1,58,227,0,0,245.0949,11.40188826,17.46213508,14.46889416,"[14.60407329 17.46213508 13.84945813 13.26916499 11.92985516 14.3253416
 15.1117928  16.53263979 14.91521749 11.9709212  16.82413839 13.49049427
 16.37995453 15.86734461 16.32306868 12.42139815 11.40188826 16.26021253
 13.90947336 12.52931093]",17.07887356,C10H16N2O3S,244.088165,58-85-5,O=C(O)CCCC[C@@H]1SC[C@@H]2NC(=O)N[C@@H]21,NatComm,11,3.468894162
259,5repeatAllMolecules/D_Plus_Biotin_2,70,200,0,0,245.0949,11.40188826,17.46213508,14.46889416,"[14.60407329 17.46213508 13.84945813 13.26916499 11.92985516 14.3253416
 15.1117928  16.53263979 14.91521749 11.9709212  16.82413839 13.49049427
 16.37995453 15.86734461 16.32306868 12.42139815 11.40188826 16.26021253
 13.90947336 12.52931093]",17.07887356,C10H16N2O3S,244.088165,58-85-5,O=C(O)CCCC[C@@H]1SC[C@@H]2NC(=O)N[C@@H]21,NatComm,11,3.468894162
260,5repeatAllMolecules/D_Plus_Biotin_3,69,208,0,0,245.0949,11.40188826,17.46213508,14.46889416,"[14.60407329 17.46213508 13.84945813 13.26916499 11.92985516 14.3253416
 15.1117928  16.53263979 14.91521749 11.9709212  16.82413839 13.49049427
 16.37995453 15.86734461 16.32306868 12.42139815 11.40188826 16.26021253
 13.90947336 12.52931093]",17.07887356,C10H16N2O3S,244.088165,58-85-5,O=C(O)CCCC[C@@H]1SC[C@@H]2NC(=O)N[C@@H]21,NatComm,11,3.468894162
261,5repeatAllMolecules/D_Plus_Biotin_4,61,219,0,0,245.0949,11.40188826,17.46213508,14.46889416,"[14.60407329 17.46213508 13.84945813 13.26916499 11.92985516 14.3253416
 15.1117928  16.53263979 14.91521749 11.9709212  16.82413839 13.49049427
 16.37995453 15.86734461 16.32306868 12.42139815 11.40188826 16.26021253
 13.90947336 12.52931093]",17.07887356,C10H16N2O3S,244.088165,58-85-5,O=C(O)CCCC[C@@H]1SC[C@@H]2NC(=O)N[C@@H]21,NatComm,11,3.468894162
262,5repeatAllMolecules/D_Plus_Biotin_5,69,216,0,0,245.0949,11.40188826,17.46213508,14.46889416,"[14.60407329 17.46213508 13.84945813 13.26916499 11.92985516 14.3253416
 15.1117928  16.53263979 14.91521749 11.9709212  16.82413839 13.49049427
 16.37995453 15.86734461 16.32306868 12.42139815 11.40188826 16.26021253
 13.90947336 12.52931093]",17.07887356,C10H16N2O3S,244.088165,58-85-5,O=C(O)CCCC[C@@H]1SC[C@@H]2NC(=O)N[C@@H]21,NatComm,11,3.468894162
263,5repeatAllMolecules/Dienogest_1,176,132,0,0,312.1954,9.271500812,17.39321568,13.03883286,"[16.24001547 17.39321568 12.25767877 14.87883269 15.11272116 11.30816354
 12.41706531 14.09484988 10.15024663  9.27150081 14.31030231 10.7954635
 10.65027481 10.33730298 11.60172927 10.33017988 14.68037733 12.93312779
 16.52008699 15.49352249]",21.67330589,C20H25NO2,311.188529,65928-58-7,C[C@]12CCC3=C4CCC(=O)C=C4CC[C@H]3[C@@H]1CC[C@@]2(O)CC#N,NatComm,11,2.038832864
264,5repeatAllMolecules/Dienogest_2,135,141,0,0,312.1953,9.485407991,17.27212644,12.85912184,"[16.43220088 16.85917536 11.4956409  13.72089413 13.56500665 11.26031276
 12.87864698 12.35236797 10.27576931  9.48540799 13.5974798  10.79967736
 11.01597556 10.5542806  12.87866046 12.1699811  14.41742286 11.8912846
 17.27212644 14.26012512]",20.98668763,C20H25NO2,311.188529,65928-58-7,C[C@]12CCC3=C4CCC(=O)C=C4CC[C@H]3[C@@H]1CC[C@@]2(O)CC#N,NatComm,11,1.859121841
265,5repeatAllMolecules/Dienogest_3,148,136,0,0,312.1954,13.81188792,20.45498671,17.10885469,"[18.75577544 18.63667718 15.12438384 19.51059281 17.99394879 15.70872194
 16.08227975 18.38237484 17.22122372 16.51090569 17.60335823 15.7369751
 16.82479938 20.45498671 16.0815742  17.98531735 13.98383962 17.21598618
 13.81188792 18.55148504]",21.67330589,C20H25NO2,311.188529,65928-58-7,C[C@]12CCC3=C4CCC(=O)C=C4CC[C@H]3[C@@H]1CC[C@@]2(O)CC#N,NatComm,11,6.108854686
266,5repeatAllMolecules/Dienogest_4,172,131,0,0,312.1955,9.405863477,17.60263518,13.05194703,"[14.94575828 17.60263518 13.07865299 13.97679337 14.7578787  11.88322922
 13.45957264 11.76802177 11.359372    9.40586348 13.79232017 11.56128419
 10.16552455 11.76954194 13.41477987 10.49094262 14.52910057 11.86456737
 15.73772329 15.47537843]",20.52305607,C20H25NO2,311.188529,65928-58-7,C[C@]12CCC3=C4CCC(=O)C=C4CC[C@H]3[C@@H]1CC[C@@]2(O)CC#N,NatComm,11,2.051947031
267,5repeatAllMolecules/Dienogest_5,89,112,0,0,312.1952,10.87874365,16.33917292,13.65778904,"[14.2674059  13.09501392 13.63360581 13.93284503 12.67322396 15.52954717
 14.31417407 15.34394185 14.49752928 13.20548114 10.87874365 12.04976043
 12.17228269 13.62159668 16.33917292 13.27201357 13.75959655 15.32081622
 11.93911147 13.30991841]",21.23391771,C20H25NO2,311.188529,65928-58-7,C[C@]12CCC3=C4CCC(=O)C=C4CC[C@H]3[C@@H]1CC[C@@]2(O)CC#N,NatComm,11,2.657789036
268,5repeatAllMolecules/Diethyl5amino3methyl24_1,121,347,0,0,348.2316,17.10809203,26.59369058,21.91312129,"[26.59369058 17.10809203 19.65285767 22.63626855 21.7593341  25.61591306
 24.99929667 19.15608906 22.16197676 18.73473241 23.63547601 20.69740773
 20.92591291 22.39541426 21.16757026 19.84849898 22.81663875 23.03795168
 24.40789582 20.91140855]",25.19582977,C11H15NO4S,257.072181,4815-30-9,CCOC(=O)c1sc(N)c(C(=O)OCC)c1C,NatComm,9,12.91312129
269,5repeatAllMolecules/Diethyl5amino3methyl24_2,102,3770,0,0,348.2314,12.16851107,19.80148631,15.60723018,"[15.13448036 15.83516038 15.97698365 16.35727167 13.41361354 16.36477099
 12.16851107 15.49497667 16.28978799 14.83782678 19.80148631 19.78647715
 13.95844543 15.46969256 12.17254678 13.53591508 16.49877363 16.32551585
 18.36382829 14.35853941]",24.74941193,C11H15NO4S,257.072181,4815-30-9,CCOC(=O)c1sc(N)c(C(=O)OCC)c1C,NatComm,9,6.607230181
270,5repeatAllMolecules/Diethyl5amino3methyl24_3,92,4321,0,0,348.2314,11.59825311,19.36255408,16.05824533,"[16.93321336 18.19885022 15.20917606 13.23031147 14.01449591 16.36971736
 14.24712942 19.36255408 18.29222726 18.6818477  18.95859296 12.66136408
 15.24823074 16.05885076 19.00254242 11.59825311 15.37886416 18.21203929
 14.02991636 15.47672982]",24.74941193,C11H15NO4S,257.072181,4815-30-9,CCOC(=O)c1sc(N)c(C(=O)OCC)c1C,NatComm,9,7.058245327
271,5repeatAllMolecules/Diethyl5amino3methyl24_4,182,7072,0,0,348.0222,14.94967731,22.0314377,17.66362792,"[16.76514329 15.92220576 19.86269281 17.7576156  16.99003409 15.53011402
 22.0314377  16.37192492 17.73048344 19.17954822 18.41693506 17.70957211
 14.94967731 21.36663832 16.06828297 18.68897711 17.0014538  15.49975611
 19.57173364 15.85833209]",25.63186466,C11H15NO4S,257.072181,4815-30-9,CCOC(=O)c1sc(N)c(C(=O)OCC)c1C,NatComm,9,8.663627919
272,5repeatAllMolecules/Diosmetin_1,28,977,0,0,301.1403,15.62469095,22.37858091,18.82447357,"[17.22935615 18.58450168 22.37858091 22.13721398 19.10672604 19.59166546
 17.65488451 15.62469095 16.9348578  16.10375239 18.39863433 19.63305356
 17.45069738 20.14562003 18.7021687  18.05196595 20.74885783 18.28784892
 20.66912542 19.05526937]",21.96256602,C16H12O6,300.06339,520-34-3,COc1ccc(-c2cc(=O)c3c(O)cc(O)cc3o2)cc1O,NatComm,11,7.824473569
273,5repeatAllMolecules/Diosmetin_2,29,267,0,0,301.1404,15.36434915,22.14156492,18.53452083,"[18.47286924 17.17229445 17.21170383 20.08643591 19.66817915 19.91922912
 15.43755619 21.96029436 19.09479458 21.17088796 15.36434915 18.72892069
 16.77202483 22.14156492 17.19937839 18.00407967 19.09047601 16.13883304
 17.69636549 19.36017961]",21.57839163,C16H12O6,300.06339,520-34-3,COc1ccc(-c2cc(=O)c3c(O)cc(O)cc3o2)cc1O,NatComm,11,7.534520829
274,5repeatAllMolecules/Diosmetin_3,16,1532,0,0,300.5989,15.46712241,22.81898765,18.78502637,"[18.09601706 15.46712241 17.26320917 18.76337968 19.34578059 18.25275069
 18.97308259 19.45444082 19.46733697 16.93330803 22.07097999 19.21660853
 18.6405367  19.22415719 22.81898765 18.64405086 17.00554706 17.9736716
 20.41621867 17.67334112]",19.42606109,C16H12O6,300.06339,520-34-3,COc1ccc(-c2cc(=O)c3c(O)cc(O)cc3o2)cc1O,NatComm,11,7.785026369
275,5repeatAllMolecules/Diosmetin_4,15,104,0,0,301.28425,15.89746223,22.69091327,19.17672249,"[20.83271662 17.9134041  21.36320396 18.29413495 21.90831365 16.8606003
 19.25941123 15.89746223 20.15779192 20.9023913  17.43854823 20.21077789
 20.15980657 16.16261986 16.60245054 18.24444671 20.73894402 21.07560764
 22.69091327 16.82090476]",20.59972172,C16H12O6,300.06339,520-34-3,COc1ccc(-c2cc(=O)c3c(O)cc(O)cc3o2)cc1O,NatComm,11,8.176722489
276,5repeatAllMolecules/Diosmetin_5,7,188,0,0,300.8946,14.38975263,22.1665263,18.59638227,"[19.45048097 18.23834941 19.02712965 15.05409954 19.64156808 17.77368443
 22.1665263  14.38975263 15.9148083  17.88452431 21.29144962 18.98630779
 18.90011138 18.12105578 17.78183736 17.19638277 19.93811744 17.06771565
 21.38516821 21.71857583]",21.09885547,C16H12O6,300.06339,520-34-3,COc1ccc(-c2cc(=O)c3c(O)cc(O)cc3o2)cc1O,NatComm,11,7.596382273
277,5repeatAllMolecules/Dipyridamole_1,93,716,0,0,505.3237,27.97672365,38.44433763,32.6995579,"[34.59229562 29.06171941 33.14674009 27.97672365 32.41485423 34.18441084
 30.178085   29.46720584 30.39170875 38.44433763 33.1150269  35.82204636
 34.05669268 33.06784888 37.78636899 32.60519273 28.95521102 33.93499927
 33.40194054 31.38774968]",34.39233569,C24H40N8O4,504.317252,58-32-2,OCCN(CCO)c1nc(N2CCCCC2)c2nc(N(CCO)CCO)nc(N3CCCCC3)c2n1,NatComm,13,19.6995579
278,5repeatAllMolecules/Dipyridamole_2,91,951,0,0,505.3238,24.25811846,38.32235125,33.06377884,"[33.00288849 33.97013459 30.2031512  37.20036017 36.28486465 31.35629874
 34.34572667 38.32235125 33.81809381 30.650852   37.702404   24.25811846
 29.49970677 28.91026974 29.32103103 38.29039035 33.05915014 34.27512109
 35.41164833 31.3930153 ]",36.40556135,C24H40N8O4,504.317252,58-32-2,OCCN(CCO)c1nc(N2CCCCC2)c2nc(N(CCO)CCO)nc(N3CCCCC3)c2n1,NatComm,13,20.06377884
279,5repeatAllMolecules/Dipyridamole_3,90,366,0,0,505.3238,26.28188734,41.3454802,32.82617727,"[32.63686039 36.42669096 34.81549394 32.11371834 37.6133995  33.78685199
 29.73770443 33.48906126 29.49817811 32.75499371 31.9828685  29.71682343
 34.40401987 26.28188734 30.90746166 31.58425471 41.3454802  31.89946235
 36.98381624 28.5445185 ]",36.40556135,C24H40N8O4,504.317252,58-32-2,OCCN(CCO)c1nc(N2CCCCC2)c2nc(N(CCO)CCO)nc(N3CCCCC3)c2n1,NatComm,13,19.82617727
280,5repeatAllMolecules/Dipyridamole_4,86,629,0,0,505.3237,26.98799921,39.16978472,33.0465638,"[31.9530996  32.56866585 31.89764828 34.98728071 32.5403962  30.94517957
 32.53166849 34.06901978 30.22943344 26.98799921 31.45243187 33.12450003
 34.67401489 38.39841365 32.71457258 32.60248586 39.16978472 32.54378412
 31.42480613 36.11609105]",34.39233569,C24H40N8O4,504.317252,58-32-2,OCCN(CCO)c1nc(N2CCCCC2)c2nc(N(CCO)CCO)nc(N3CCCCC3)c2n1,NatComm,13,20.0465638
281,5repeatAllMolecules/Dipyridamole_5,99,1406,0,0,505.3237,27.75780789,37.23343373,32.4563563,"[31.68107137 33.59610562 28.86622086 30.87605131 34.27040107 27.75780789
 34.37703884 31.53500781 34.35767163 32.57505791 30.6324354  36.11184327
 31.41437422 35.51547581 37.23343373 27.82117061 35.37780331 33.41635814
 30.46816334 31.24363379]",34.39233569,C24H40N8O4,504.317252,58-32-2,OCCN(CCO)c1nc(N2CCCCC2)c2nc(N(CCO)CCO)nc(N3CCCCC3)c2n1,NatComm,13,19.4563563
282,5repeatAllMolecules/Domperidone_1,5,10,0,0,426.1689,22.20310898,31.35361156,27.4936031,"[22.20310898 26.03443968 25.23408991 28.13457293 30.3199053  26.95845888
 25.53834113 23.5563997  29.11101802 26.93897975 26.87463429 27.39939857
 28.28316794 30.40652347 25.03218455 31.35361156 28.60780874 28.59806641
 31.06232798 28.22502416]",29.83188494,C22H24ClN5O2,425.161853,57808-66-9,O=c1[nH]c2ccccc2n1CCCN1CCC(n2c(=O)[nH]c3cc(Cl)ccc32)CC1,NatComm,13,14.4936031
283,5repeatAllMolecules/Domperidone_2,5,8,0,0,426.1688,22.54939088,31.24282139,27.43552107,"[25.3769684  28.89427488 25.33562027 28.53660219 22.54939088 27.84015128
 23.52751638 25.26450022 29.86954158 26.25238444 29.40939298 29.63696935
 31.24282139 27.13991025 26.14188912 29.17441357 29.00446095 24.64196257
 28.92408022 29.94757041]",30.7101992,C22H24ClN5O2,425.161853,57808-66-9,O=c1[nH]c2ccccc2n1CCCN1CCC(n2c(=O)[nH]c3cc(Cl)ccc32)CC1,NatComm,13,14.43552107
284,5repeatAllMolecules/Domperidone_3,5,9,0,0,426.1687,22.42660472,33.95764901,28.28734301,"[22.72359919 33.95764901 29.73251384 33.20746668 32.04435482 28.41882648
 30.56327195 22.42660472 29.96694187 25.65301555 29.07808097 28.37922957
 27.91088831 26.44631157 26.65858273 26.90634836 28.96360076 29.10605377
 27.05081243 26.55270761]",29.56986424,C22H24ClN5O2,425.161853,57808-66-9,O=c1[nH]c2ccccc2n1CCCN1CCC(n2c(=O)[nH]c3cc(Cl)ccc32)CC1,NatComm,13,15.28734301
285,5repeatAllMolecules/Domperidone_4,6,9,0,0,426.1687,22.42660472,33.95764901,28.28734301,"[22.72359919 33.95764901 29.73251384 33.20746668 32.04435482 28.41882648
 30.56327195 22.42660472 29.96694187 25.65301555 29.07808097 28.37922957
 27.91088831 26.44631157 26.65858273 26.90634836 28.96360076 29.10605377
 27.05081243 26.55270761]",29.56986424,C22H24ClN5O2,425.161853,57808-66-9,O=c1[nH]c2ccccc2n1CCCN1CCC(n2c(=O)[nH]c3cc(Cl)ccc32)CC1,NatComm,13,15.28734301
286,5repeatAllMolecules/Domperidone_5,5,20,0,0,426.5715,22.92548208,33.65690845,28.10192829,"[22.92548208 27.5898375  24.58391122 33.65690845 26.80967931 29.15379375
 30.56878992 30.47966035 26.5870449  25.30331935 26.7106077  30.57235947
 30.62694947 27.99569474 25.99299083 29.09397028 26.66351525 26.97569169
 32.44557197 27.30278764]",31.10430674,C22H24ClN5O2,425.161853,57808-66-9,O=c1[nH]c2ccccc2n1CCCN1CCC(n2c(=O)[nH]c3cc(Cl)ccc32)CC1,NatComm,13,15.10192829
287,5repeatAllMolecules/FMOC_Leu_OH_3,13,9,0,0,354.1691,19.01480847,29.35748379,22.94148596,"[20.65741709 21.07299811 19.46214476 22.03594515 22.50649573 23.12514308
 19.01480847 26.79616878 20.92567956 23.62110575 25.10799604 25.72924019
 26.59887925 23.56926843 29.35748379 22.53290638 26.96860672 19.10704542
 19.32332905 21.31705748]",23.66389025,C21H23NO4,353.162709,35661-60-0,CC(C)C[C@H](NC(=O)OCC1c2ccccc2-c2ccccc21)C(=O)O,NatComm,15,7.941485961
288,5repeatAllMolecules/FMOC_Leu_OH_4,41,27,0,0,354.6569,17.54618881,25.93506576,22.93244851,"[23.59731458 17.54618881 22.40114584 25.14509136 24.41818901 23.13473511
 23.52849305 21.38843688 23.41287234 25.84955055 19.88845021 22.00980124
 18.12632383 25.40283728 24.79102891 22.40354653 22.94348259 22.17685289
 24.54956344 25.93506576]",24.26286606,C21H23NO4,353.162709,35661-60-0,CC(C)C[C@H](NC(=O)OCC1c2ccccc2-c2ccccc21)C(=O)O,NatComm,15,7.932448511
289,5repeatAllMolecules/FMOC_Leu_OH_5,14,8,0,0,354.1691,17.50263185,26.89159903,22.93380485,"[20.05996961 20.62345558 21.69995505 26.89159903 18.441129   26.50240274
 24.15772328 21.17860615 23.82106542 26.5906659  26.63753056 17.50263185
 20.56770642 24.48620456 20.48690641 22.98815278 23.86608608 23.86083812
 25.51349308 22.79997534]",23.66389025,C21H23NO4,353.162709,35661-60-0,CC(C)C[C@H](NC(=O)OCC1c2ccccc2-c2ccccc21)C(=O)O,NatComm,15,7.933804849
290,5repeatAllMolecules/Flubendazole_1,3,8,0,0,314.093,13.12176284,24.45984792,19.98704458,"[16.95885624 20.66154357 20.88450214 21.09892675 22.29345802 22.33708226
 24.45984792 18.49528159 13.12176284 19.193124   19.36382711 16.9663425
 18.64936311 19.26357566 23.52418044 21.52191825 18.44230936 23.38071498
 16.84483346 22.27944139]",21.78590518,C16H12FN3O3,313.08627,31430-15-6,COC(=O)Nc1nc2ccc(C(=O)c3ccc(F)cc3)cc2[nH]1,NatComm,15,4.98704458
291,5repeatAllMolecules/Flubendazole_2,14,356,0,0,314.4342,12.9557484,23.73193353,19.71705562,"[19.54008618 22.55262993 20.78428287 21.86758555 18.43205219 21.10151584
 18.33879639 19.25361886 19.36002297 12.9557484  21.81610052 18.86845619
 23.73193353 19.11246002 22.20644082 17.00905483 16.72967223 20.46427988
 18.67719955 21.53917569]",21.59736898,C16H12FN3O3,313.08627,31430-15-6,COC(=O)Nc1nc2ccc(C(=O)c3ccc(F)cc3)cc2[nH]1,NatComm,15,4.717055622
292,5repeatAllMolecules/Flubendazole_3,3,8,0,0,314.093,16.390777,23.23706474,20.55438138,"[20.4545856  18.24417721 22.03111156 23.23706474 20.45976462 22.58120991
 19.29947589 23.18925769 22.50949181 18.89842368 21.00482136 19.49710884
 20.84793727 21.33217907 20.07874242 19.5835737  16.70930227 21.76415264
 16.390777   22.97447022]",21.78590518,C16H12FN3O3,313.08627,31430-15-6,COC(=O)Nc1nc2ccc(C(=O)c3ccc(F)cc3)cc2[nH]1,NatComm,15,5.554381376
293,5repeatAllMolecules/Flubendazole_4,3,8,0,0,314.093,13.12176284,24.45984792,19.98704458,"[16.95885624 20.66154357 20.88450214 21.09892675 22.29345802 22.33708226
 24.45984792 18.49528159 13.12176284 19.193124   19.36382711 16.9663425
 18.64936311 19.26357566 23.52418044 21.52191825 18.44230936 23.38071498
 16.84483346 22.27944139]",21.78590518,C16H12FN3O3,313.08627,31430-15-6,COC(=O)Nc1nc2ccc(C(=O)c3ccc(F)cc3)cc2[nH]1,NatComm,15,4.98704458
294,5repeatAllMolecules/Flubendazole_5,3,8,0,0,314.0931,14.69658105,28.59787906,20.62038245,"[23.10075073 19.67278015 14.69658105 22.75411209 21.0119301  17.76553151
 28.59787906 21.34639985 22.76994776 16.19218791 20.7717276  17.17585165
 22.69167444 20.90633778 17.27795232 18.49258504 18.10572876 25.2659639
 24.78743749 19.02428987]",21.2909496,C16H12FN3O3,313.08627,31430-15-6,COC(=O)Nc1nc2ccc(C(=O)c3ccc(F)cc3)cc2[nH]1,NatComm,15,5.620382453
295,5repeatAllMolecules/Fmoc_Nhydroxysuccinimide_ester_1,61,29,0,0,337.1264,17.62724207,23.93884871,21.36367141,"[23.89249344 18.18667837 22.24193944 17.62724207 19.16652119 21.29388096
 20.67888799 20.96370795 20.88426974 23.72835939 20.53011246 22.74889393
 23.05780703 22.62203827 23.93884871 20.36803972 20.86489467 21.62919293
 21.55397724 21.29564275]",23.56387383,C19H15NO5,337.095023,82911-69-1,O=C(OCC1c2ccccc2-c2ccccc21)ON1C(=O)CCC1=O,NatComm,17,4.363671412
296,5repeatAllMolecules/Fmoc_Nhydroxysuccinimide_ester_2,48,30,0,0,337.628,17.86491067,25.86113392,21.44343714,"[21.40269043 19.57511441 23.67302942 20.57546291 21.61961697 21.14506677
 22.32472653 21.52435609 22.0270933  19.99040983 19.34861833 25.86113392
 19.44616696 23.09172639 17.86491067 23.05520444 24.99726157 19.4349469
 22.23981585 19.67139115]",24.22691281,C19H15NO5,337.095023,82911-69-1,O=C(OCC1c2ccccc2-c2ccccc21)ON1C(=O)CCC1=O,NatComm,17,4.443437143
297,5repeatAllMolecules/Fmoc_Nhydroxysuccinimide_ester_3,66,75,0,0,337.1264,15.8627991,25.04907483,20.75301159,"[22.80424623 20.53204092 20.08296988 21.48089309 19.60096992 25.04907483
 17.20381873 17.00915338 22.0527926  18.40242511 19.01334423 22.14628491
 21.46256678 21.10242297 21.64736946 17.53370623 24.69841405 23.86062792
 23.51431157 15.8627991 ]",23.56387383,C19H15NO5,337.095023,82911-69-1,O=C(OCC1c2ccccc2-c2ccccc21)ON1C(=O)CCC1=O,NatComm,17,3.753011595
298,5repeatAllMolecules/Fmoc_Nhydroxysuccinimide_ester_4,61,42,0,0,337.6282,17.40421547,25.63713565,21.16716936,"[21.11130429 24.19604819 20.56371808 23.95600818 25.63713565 23.69464466
 17.40421547 18.76324806 19.43519546 19.45260911 19.44099155 19.54758305
 21.0496225  23.76656437 23.39750774 17.56702578 17.94240201 23.21979617
 20.81733264 22.38043421]",23.29843362,C19H15NO5,337.095023,82911-69-1,O=C(OCC1c2ccccc2-c2ccccc21)ON1C(=O)CCC1=O,NatComm,17,4.167169358
299,5repeatAllMolecules/Fmoc_Nhydroxysuccinimide_ester_5,41,87,0,0,338.1523,18.64432386,24.93782986,21.51394278,"[22.18699219 21.03041822 20.08257196 23.62076979 19.59552807 21.72955868
 24.93782986 23.44847732 19.75320094 21.06213582 21.52019283 22.35034041
 22.07812225 18.64432386 21.35024391 19.75183764 19.25835057 24.06104244
 21.47630191 22.3406169 ]",22.68452945,C19H15NO5,337.095023,82911-69-1,O=C(OCC1c2ccccc2-c2ccccc21)ON1C(=O)CCC1=O,NatComm,17,4.513942779
300,5repeatAllMolecules/Guanosine5monophosphate_1,12,15,0,0,408.0281,21.17034137,34.9601752,27.26472431,"[27.97564411 23.76795665 27.75009871 26.62713595 28.31632306 27.82615879
 29.1646853  28.02245723 27.5043148  25.96080066 21.17034137 28.19943748
 34.9601752  22.44705826 28.90875893 22.16722717 30.59341786 26.74557477
 26.59967531 30.58724462]",27.9066974,C10H14N5O8P,363.058003,85-32-5,Nc1nc2c(ncn2[C@@H]2O[C@H](COP(=O)(O)O)[C@@H](O)[C@H]2O)c(=O)[nH]1,NatComm,18,9.264724312
301,5repeatAllMolecules/Guanosine5monophosphate_2,12,26,0,0,408.0282,20.60378178,30.08434122,26.82963833,"[28.70671767 26.18213371 27.16017388 22.85940793 27.59166633 24.20546651
 29.95142741 25.56028385 29.70287288 28.19870513 21.41755365 28.49606143
 30.08434122 26.09451135 26.8724541  20.60378178 29.64161021 25.20880847
 29.68189939 28.37288977]",28.92555255,C10H14N5O8P,363.058003,85-32-5,Nc1nc2c(ncn2[C@@H]2O[C@H](COP(=O)(O)O)[C@@H](O)[C@H]2O)c(=O)[nH]1,NatComm,18,8.829638333
302,5repeatAllMolecules/Guanosine5monophosphate_3,13,20,0,0,408.0283,20.10041154,33.13478908,27.01282419,"[25.04099135 26.83084804 22.91647141 25.12894888 25.16871258 24.91875754
 27.18161463 33.13478908 29.16152516 24.05694223 30.39551807 30.5496019
 26.72420661 22.04933295 31.61296703 26.83991652 20.10041154 29.34515631
 29.01910217 30.08066988]",29.03352069,C10H14N5O8P,363.058003,85-32-5,Nc1nc2c(ncn2[C@@H]2O[C@H](COP(=O)(O)O)[C@@H](O)[C@H]2O)c(=O)[nH]1,NatComm,18,9.012824194
303,5repeatAllMolecules/Guanosine5monophosphate_4,4,42,0,0,408.9278,22.52346779,35.28326505,27.3666524,"[23.64631814 26.40981971 25.62604213 35.28326505 23.80217493 27.05730728
 30.43119991 27.82759923 25.78042004 30.35827655 28.88154245 28.79646491
 22.52346779 25.23161392 24.98316717 32.02083811 25.09319674 30.6478394
 24.18778844 28.74470605]",28.22875768,C10H14N5O8P,363.058003,85-32-5,Nc1nc2c(ncn2[C@@H]2O[C@H](COP(=O)(O)O)[C@@H](O)[C@H]2O)c(=O)[nH]1,NatComm,18,9.366652398
304,5repeatAllMolecules/Guanosine5monophosphate_5,1,19,0,0,407.5422,22.05851604,32.88151271,26.39147086,"[26.85214693 26.5225207  25.84813224 22.32903581 29.80040557 26.803459
 28.56724277 22.05851604 32.88151271 29.83440821 25.65362482 24.77799736
 23.41856536 29.89354282 24.80047615 26.86341492 22.80602486 25.71210241
 23.42565111 28.98063736]",28.54279326,C10H14N5O8P,363.058003,85-32-5,Nc1nc2c(ncn2[C@@H]2O[C@H](COP(=O)(O)O)[C@@H](O)[C@H]2O)c(=O)[nH]1,NatComm,18,8.391470857
305,5repeatAllMolecules/Guanosine_1,2,39,0,0,285.0687,13.98521804,22.38262949,18.46922354,"[20.23481629 22.38262949 19.7202663  19.92283194 21.9126729  17.11330991
 14.80724301 20.22188193 14.84528806 20.33474786 13.98521804 16.61773852
 20.03235305 16.15325618 19.17346656 19.65356875 16.49473171 19.80850025
 19.76083603 16.20911412]",19.46744536,C10H13N5O5,283.09167,118-00-3,Nc1nc2c(ncn2[C@@H]2O[C@H](CO)[C@@H](O)[C@H]2O)c(=O)[nH]1,NatComm,14,4.469223545
306,5repeatAllMolecules/Guanosine_2,4,65,0,0,283.2152,13.54433397,20.56775679,17.20387584,"[16.99510305 18.55435659 18.10893107 17.67964253 16.73571816 16.90613029
 17.85935673 13.54433397 16.22955767 14.46545834 18.03615179 15.91263471
 15.75284769 14.73500437 18.90849998 18.19440772 17.65053868 20.56775679
 16.68076623 20.56032053]",18.85056333,C10H13N5O5,283.09167,118-00-3,Nc1nc2c(ncn2[C@@H]2O[C@H](CO)[C@@H](O)[C@H]2O)c(=O)[nH]1,NatComm,14,3.203875844
307,5repeatAllMolecules/Guanosine_3,5,70,0,0,284.9799,14.59577,21.3987974,17.5957624,"[14.59577    16.46348574 15.46639973 18.17846756 19.26257548 16.9616078
 17.12993449 15.02100902 17.60649296 20.04606622 15.67241124 17.35653626
 18.65835895 16.95898105 18.98798201 18.49673267 16.73076916 19.83362614
 17.0892441  21.3987974 ]",19.02009273,C10H13N5O5,283.09167,118-00-3,Nc1nc2c(ncn2[C@@H]2O[C@H](CO)[C@@H](O)[C@H]2O)c(=O)[nH]1,NatComm,14,3.595762399
308,5repeatAllMolecules/Guanosine_4,17,47,0,0,284.0986,15.14041521,21.82555872,18.04596738,"[16.83819161 15.14041521 16.10960387 15.19431983 15.39567342 19.89989334
 20.00097006 15.71241665 16.20172184 20.15160164 16.08007282 18.40171571
 19.49785017 16.71473966 20.86018622 21.82555872 21.55361066 19.60273507
 15.76365273 19.97441844]",18.696162,C10H13N5O5,283.09167,118-00-3,Nc1nc2c(ncn2[C@@H]2O[C@H](CO)[C@@H](O)[C@H]2O)c(=O)[nH]1,NatComm,14,4.045967384
309,5repeatAllMolecules/Guanosine_5,1,23,0,0,285.0706,15.20864691,21.82588471,17.71470705,"[19.48010755 16.70834207 20.40040612 16.71863463 18.76598151 17.53225526
 19.00058815 16.1689004  20.15598463 17.66279462 15.5756102  15.86001581
 15.47703362 17.36855888 18.80832403 15.20864691 16.17932494 21.82588471
 17.75342628 17.64332057]",19.0508374,C10H13N5O5,283.09167,118-00-3,Nc1nc2c(ncn2[C@@H]2O[C@H](CO)[C@@H](O)[C@H]2O)c(=O)[nH]1,NatComm,14,3.714707045
310,5repeatAllMolecules/Hydrochlorothiazide_1,59,172,0,0,298.9552,13.19278638,22.95960164,17.44727488,"[19.52079254 16.48275385 17.82358979 15.60562019 20.07678857 18.26474078
 20.7035747  15.73025438 17.62312401 15.01930776 17.03189481 15.53256713
 20.20039489 18.19668844 16.09885156 16.29964208 17.11080429 13.19278638
 22.95960164 15.47171987]",20.835913,C7H8ClN3O4S2,296.964479,58-93-5,NS(=O)(=O)c1cc2c(cc1Cl)NCNS2(=O)=O,NatComm,11,6.447274883
311,5repeatAllMolecules/Hydrochlorothiazide_1_20181219035556,63,1127,0,0,298.9551,12.34089504,21.39603287,17.64557499,"[18.21691941 16.1733913  17.76315345 17.57109197 12.34089504 18.69180126
 17.00124712 14.59657864 18.53982807 18.67413001 17.29519086 18.4184768
 20.09189877 17.53107579 17.20145645 17.87747662 17.78524264 21.39603287
 19.87409456 15.87151822]",19.63179418,C7H8ClN3O4S2,296.964479,58-93-5,NS(=O)(=O)c1cc2c(cc1Cl)NCNS2(=O)=O,NatComm,11,6.645574994
312,5repeatAllMolecules/Hydrochlorothiazide_2,47,149,0,0,298.9552,13.87756338,21.27265282,17.90548651,"[21.27265282 20.37691649 18.12384752 16.56860186 17.53359468 19.2391391
 20.16816702 17.58141215 15.8652675  17.57360712 19.53651445 13.87756338
 17.90110599 16.44805106 17.32068979 18.1080681  19.29209657 15.50034341
 20.63301181 15.18907945]",20.835913,C7H8ClN3O4S2,296.964479,58-93-5,NS(=O)(=O)c1cc2c(cc1Cl)NCNS2(=O)=O,NatComm,11,6.905486514
313,5repeatAllMolecules/Hydrochlorothiazide_2_20181219040407,11,180,0,0,298.9149,13.8315932,22.64671877,18.46850618,"[13.8315932  22.64671877 16.70240042 19.9833156  19.3211847  17.35253834
 19.0432797  15.16732845 20.53473681 18.13426665 20.1643804  16.77113376
 15.98285383 14.95930286 20.57337278 18.57436598 19.40317678 19.97715283
 21.22675926 19.02026247]",19.7739453,C7H8ClN3O4S2,296.964479,58-93-5,NS(=O)(=O)c1cc2c(cc1Cl)NCNS2(=O)=O,NatComm,11,7.468506179
314,5repeatAllMolecules/Hydrochlorothiazide_3,68,200,0,0,298.9552,13.71169602,23.84194935,17.90301627,"[23.84194935 17.88520205 17.14829326 15.55437323 20.8024858  19.4583758
 20.25766639 15.57310623 16.5486836  18.16373683 13.71169602 14.16508973
 19.58540279 18.34314511 20.02095678 13.95285696 18.13148801 15.68641741
 22.80605526 16.42334474]",20.835913,C7H8ClN3O4S2,296.964479,58-93-5,NS(=O)(=O)c1cc2c(cc1Cl)NCNS2(=O)=O,NatComm,11,6.903016268
315,5repeatAllMolecules/Hydrochlorothiazide_3_20181219041218,25,1412,0,0,298.9551,13.37564218,21.69143334,18.10333476,"[14.67704748 15.70256852 18.62200049 17.63334801 17.76544636 16.67299954
 21.69143334 20.88105646 17.40663219 18.78515766 16.10574031 13.37564218
 21.04281179 19.67933892 18.13172747 20.25201204 19.24723487 17.98047317
 16.50430155 19.90972276]",19.63179418,C7H8ClN3O4S2,296.964479,58-93-5,NS(=O)(=O)c1cc2c(cc1Cl)NCNS2(=O)=O,NatComm,11,7.103334756
316,5repeatAllMolecules/Hydrochlorothiazide_4,57,175,0,0,298.9552,13.71169602,23.84194935,17.90301627,"[23.84194935 17.88520205 17.14829326 15.55437323 20.8024858  19.4583758
 20.25766639 15.57310623 16.5486836  18.16373683 13.71169602 14.16508973
 19.58540279 18.34314511 20.02095678 13.95285696 18.13148801 15.68641741
 22.80605526 16.42334474]",20.835913,C7H8ClN3O4S2,296.964479,58-93-5,NS(=O)(=O)c1cc2c(cc1Cl)NCNS2(=O)=O,NatComm,11,6.903016268
317,5repeatAllMolecules/Hydrochlorothiazide_4_20181219042025,60,168,0,0,298.9552,13.87756338,21.27265282,17.90548651,"[21.27265282 20.37691649 18.12384752 16.56860186 17.53359468 19.2391391
 20.16816702 17.58141215 15.8652675  17.57360712 19.53651445 13.87756338
 17.90110599 16.44805106 17.32068979 18.1080681  19.29209657 15.50034341
 20.63301181 15.18907945]",20.835913,C7H8ClN3O4S2,296.964479,58-93-5,NS(=O)(=O)c1cc2c(cc1Cl)NCNS2(=O)=O,NatComm,11,6.905486514
318,5repeatAllMolecules/Hydrochlorothiazide_5,70,155,0,0,298.9552,13.71169602,23.84194935,17.90301627,"[23.84194935 17.88520205 17.14829326 15.55437323 20.8024858  19.4583758
 20.25766639 15.57310623 16.5486836  18.16373683 13.71169602 14.16508973
 19.58540279 18.34314511 20.02095678 13.95285696 18.13148801 15.68641741
 22.80605526 16.42334474]",20.835913,C7H8ClN3O4S2,296.964479,58-93-5,NS(=O)(=O)c1cc2c(cc1Cl)NCNS2(=O)=O,NatComm,11,6.903016268
319,5repeatAllMolecules/Hydrochlorothiazide_5_20181219042836,4,88,0,0,299.1609,16.30775025,23.26504754,18.88071015,"[19.83794858 17.33913546 17.93478272 16.30775025 19.29489016 21.52135352
 19.52827382 17.67246998 19.15245629 16.3712966  23.26504754 19.08414278
 21.82992853 16.88640087 18.23517547 18.45681786 18.07988161 18.00598005
 21.06517727 17.74529358]",21.01282144,C7H8ClN3O4S2,296.964479,58-93-5,NS(=O)(=O)c1cc2c(cc1Cl)NCNS2(=O)=O,NatComm,11,7.880710146
320,5repeatAllMolecules/IM12_1,7,43,0,0,378.1609,18.14487272,26.06623001,22.63654526,"[25.13528702 26.06623001 25.91513806 18.14487272 21.37356434 19.6740659
 22.28821479 25.77283608 20.74862873 22.92191456 25.47275542 19.55790905
 20.85849549 20.68944748 24.94815432 21.42950208 23.80383725 22.97860387
 20.86968423 24.08176375]",26.39391693,C22H20FN3O2,377.153955,1129669-05-1,Cc1[nH]c2ccccc2c1C1=C(NCCc2ccc(F)cc2)C(=O)N(C)C1=O,NatComm,15,7.636545257
321,5repeatAllMolecules/IM12_2,8,45,0,0,378.1609,17.26909255,26.14546085,22.60594418,"[24.71503002 25.14951478 26.14546085 17.26909255 20.44445393 17.72451783
 21.58997237 25.12943429 20.21836095 25.28951622 24.19132749 22.15047848
 21.36417329 19.09077869 25.37544334 24.65921906 22.16655859 22.54745333
 22.15323174 24.7448659 ]",26.39391693,C22H20FN3O2,377.153955,1129669-05-1,Cc1[nH]c2ccccc2c1C1=C(NCCc2ccc(F)cc2)C(=O)N(C)C1=O,NatComm,15,7.605944185
322,5repeatAllMolecules/IM12_3,8,37,0,0,378.1609,19.95968836,29.24453543,24.05563714,"[22.67549338 26.23445662 23.89803193 26.0514996  20.19276073 25.19161757
 28.48427865 29.24453543 24.44671592 25.66117984 20.56520432 20.59626665
 23.18094229 21.20904815 21.09747178 26.76133997 19.95968836 25.42507082
 23.45540056 26.78174018]",26.39391693,C22H20FN3O2,377.153955,1129669-05-1,Cc1[nH]c2ccccc2c1C1=C(NCCc2ccc(F)cc2)C(=O)N(C)C1=O,NatComm,15,9.055637138
323,5repeatAllMolecules/IM12_4,8,31,0,0,378.1609,21.37145215,28.66137989,24.0816189,"[22.45626864 28.66137989 22.92892974 25.74753719 25.68109276 25.68932092
 23.32778299 24.6373045  23.72174306 21.82919275 21.7666003  21.37145215
 25.72153806 22.73589066 24.62561913 21.47321742 26.01414634 23.72015029
 23.87250477 25.65070651]",26.39391693,C22H20FN3O2,377.153955,1129669-05-1,Cc1[nH]c2ccccc2c1C1=C(NCCc2ccc(F)cc2)C(=O)N(C)C1=O,NatComm,15,9.081618904
324,5repeatAllMolecules/IM12_5,7,26,0,0,378.1607,19.11911984,27.4290467,23.91719105,"[20.9202894  21.64812608 24.16452643 26.72180803 25.14367903 24.42424908
 26.75031661 26.64915804 24.11944603 23.5473929  25.15665331 22.63367694
 25.55173216 19.11911984 25.94962587 27.4290467  22.28434257 21.83406695
 23.74895021 20.54761472]",25.69595849,C22H20FN3O2,377.153955,1129669-05-1,Cc1[nH]c2ccccc2c1C1=C(NCCc2ccc(F)cc2)C(=O)N(C)C1=O,NatComm,15,8.917191046
325,5repeatAllMolecules/Kinetin_1,9,22,0,0,216.0875,10.4071506,17.23110215,13.24723055,"[12.73614091 14.9556887  14.2173015  12.90593121 13.21034802 12.6922804
 16.09986853 12.16049472 13.50963879 12.45471055 11.64909679 10.4071506
 17.23110215 15.31576108 12.32933718 12.94432156 11.22698859 12.6363814
 12.69823946 13.56382888]",14.3646642,C10H9N5O,215.08071,525-79-1,c1coc(CNc2ncnc3nc[nH]c23)c1,NatComm,11,2.247230551
326,5repeatAllMolecules/Kinetin_2,6,16,0,0,216.0876,9.895363017,15.84668223,12.85910922,"[15.84668223 11.13897317 10.98759362 10.70543201 13.79469332 13.55410485
 15.57608578 13.32455863 11.96254052 12.14827419 12.35038605 13.71304566
 13.93134315 14.46363134 12.14023253 12.07434913 13.68746623 12.12959099
  9.89536302 13.75783805]",14.99205694,C10H9N5O,215.08071,525-79-1,c1coc(CNc2ncnc3nc[nH]c23)c1,NatComm,11,1.859109222
327,5repeatAllMolecules/Kinetin_3,8,14,0,0,216.0875,10.04055136,18.25461036,13.36201244,"[14.60238563 12.40189673 12.17060677 13.8909853  13.5359548  12.87261875
 18.25461036 13.67732631 12.04035401 11.1755367  12.22453313 15.23023254
 15.17264286 16.25871089 11.88188442 11.62652046 12.56224268 12.72132602
 10.04055136 14.89932913]",14.3646642,C10H9N5O,215.08071,525-79-1,c1coc(CNc2ncnc3nc[nH]c23)c1,NatComm,11,2.362012442
328,5repeatAllMolecules/Kinetin_4,6,20,0,0,216.0877,8.800251715,15.87007872,13.02630321,"[11.42617027 12.39398215 14.64054829 14.36740254 14.55803477 13.06222299
 15.00022603 13.08396973 14.57611066 12.91907654 10.5757122  13.94911697
 15.87007872 12.60079915 15.00642664 12.62799481  9.73205645 11.2782545
 14.05762906  8.80025172]",14.78978686,C10H9N5O,215.08071,525-79-1,c1coc(CNc2ncnc3nc[nH]c23)c1,NatComm,11,2.026303209
329,5repeatAllMolecules/Kinetin_5,6,13,0,0,216.0876,9.895363017,15.84668223,12.85910922,"[15.84668223 11.13897317 10.98759362 10.70543201 13.79469332 13.55410485
 15.57608578 13.32455863 11.96254052 12.14827419 12.35038605 13.71304566
 13.93134315 14.46363134 12.14023253 12.07434913 13.68746623 12.12959099
  9.89536302 13.75783805]",14.99205694,C10H9N5O,215.08071,525-79-1,c1coc(CNc2ncnc3nc[nH]c23)c1,NatComm,11,1.859109222
330,5repeatAllMolecules/L127043_1,9,8,0,0,351.6368,19.07865773,28.50967067,22.96088059,"[26.81818654 22.05651208 21.65410651 21.47608591 21.45358145 22.11472419
 22.87434894 28.50967067 23.88448129 22.00771887 21.68265789 22.55663804
 25.82499451 24.83305192 19.07865773 25.06031604 19.50777327 25.30336595
 21.76933654 20.7514034 ]",24.78696919,C18H14N4O2S,350.083748,,COc1ccc(-c2csc(N=Nc3c(O)[nH]c4ccccc34)n2)cc1,NatComm,15,7.960880587
331,5repeatAllMolecules/L127043_2,9,9,0,0,351.6368,18.97707644,25.99974886,23.13816054,"[24.55574004 21.74733659 20.99717659 18.97707644 23.68135533 22.46033657
 25.24538609 21.52895949 25.10710847 25.99974886 21.31593741 25.16724286
 24.2694737  25.3846012  24.74441111 22.44004317 21.98365315 22.7797736
 22.6745038  21.70334634]",24.78696919,C18H14N4O2S,350.083748,,COc1ccc(-c2csc(N=Nc3c(O)[nH]c4ccccc34)n2)cc1,NatComm,15,8.138160541
332,5repeatAllMolecules/L127043_3,9,7,0,0,351.6368,19.07865773,28.50967067,22.96088059,"[26.81818654 22.05651208 21.65410651 21.47608591 21.45358145 22.11472419
 22.87434894 28.50967067 23.88448129 22.00771887 21.68265789 22.55663804
 25.82499451 24.83305192 19.07865773 25.06031604 19.50777327 25.30336595
 21.76933654 20.7514034 ]",24.78696919,C18H14N4O2S,350.083748,,COc1ccc(-c2csc(N=Nc3c(O)[nH]c4ccccc34)n2)cc1,NatComm,15,7.960880587
333,5repeatAllMolecules/L127043_4,9,368,0,0,351.1556,18.45990949,25.32165468,22.54351307,"[21.96916818 22.88316751 21.44595564 21.40504263 24.0723035  24.00044124
 24.1926963  19.78601307 23.19636813 21.10787087 19.28613056 25.28238177
 24.60223056 25.32165468 23.53532333 23.27700052 20.23594838 21.60921391
 25.20144114 18.45990949]",23.62795428,C18H14N4O2S,350.083748,,COc1ccc(-c2csc(N=Nc3c(O)[nH]c4ccccc34)n2)cc1,NatComm,15,7.543513068
334,5repeatAllMolecules/L127043_5,10,12,0,0,351.6364,19.00445223,28.87972645,23.19757734,"[25.85324401 24.53944125 19.31958384 21.50149852 23.54694267 23.657177
 27.41284384 19.69079236 27.4841667  24.27901237 24.9011091  27.63427709
 19.37662927 21.43133021 19.00445223 22.13139668 22.91411101 20.41993419
 28.87972645 19.97387807]",24.51958263,C18H14N4O2S,350.083748,,COc1ccc(-c2csc(N=Nc3c(O)[nH]c4ccccc34)n2)cc1,NatComm,15,8.197577344
335,5repeatAllMolecules/L246468_1,62,168,0,0,445.1357,22.76787378,35.06194894,28.43577138,"[27.68870264 28.3035643  32.23132818 22.76787378 25.28748911 27.70543192
 32.32553343 30.48882965 35.06194894 29.19752304 28.45948801 24.95761115
 32.46808337 31.54534179 28.60338642 26.17283873 23.49617047 33.16709169
 24.35497107 24.43222001]",28.38403934,C21H24N4O3S2,444.128985,381701-95-7,COCCNc1nc2ccccn2c(=O)c1/C=C1\SC(=S)N(C2CCCCC2)C1=O,NatComm,21,7.435771385
336,5repeatAllMolecules/L246468_2,52,143,0,0,445.1358,21.88793819,33.02459659,28.91279142,"[30.75482222 26.17846905 33.02459659 31.48381755 31.31177011 27.7966593
 25.64087335 29.53690369 30.25814032 30.58466231 29.42695522 21.88793819
 26.55773805 28.36856088 30.0754194  26.00209927 27.8477914  30.86206583
 28.70107884 31.95546678]",31.77577517,C21H24N4O3S2,444.128985,381701-95-7,COCCNc1nc2ccccn2c(=O)c1/C=C1\SC(=S)N(C2CCCCC2)C1=O,NatComm,21,7.912791418
337,5repeatAllMolecules/L246468_3,68,146,0,0,445.1357,17.30250629,35.15772781,29.07590537,"[17.30250629 32.68959847 26.48765907 31.80398625 27.92164313 30.17966174
 31.08736147 28.21758632 29.08959001 32.32521589 27.12402298 30.26632541
 28.4532312  26.22000022 27.27145818 30.10400602 31.28407249 35.15772781
 24.93841472 33.59403965]",28.38403934,C21H24N4O3S2,444.128985,381701-95-7,COCCNc1nc2ccccn2c(=O)c1/C=C1\SC(=S)N(C2CCCCC2)C1=O,NatComm,21,8.075905365
338,5repeatAllMolecules/L246468_4,67,147,0,0,445.1357,23.96231934,33.69292723,28.59115035,"[29.60117301 26.48074959 28.27703173 31.56730459 31.36188956 31.6047557
 27.79247934 33.69292723 32.88416834 27.61436392 27.45642188 25.27356706
 28.25972241 26.77860109 24.81553986 27.73558295 28.82274253 31.89161394
 23.96231934 25.95005301]",28.38403934,C21H24N4O3S2,444.128985,381701-95-7,COCCNc1nc2ccccn2c(=O)c1/C=C1\SC(=S)N(C2CCCCC2)C1=O,NatComm,21,7.591150354
339,5repeatAllMolecules/L246468_5,68,140,0,0,445.1357,24.40209515,35.04224602,29.08581578,"[29.52689719 27.0666112  30.13188338 35.04224602 31.82344219 28.6299694
 28.52101131 27.99682205 33.00771016 26.77845301 28.56489823 26.93774125
 25.35666277 24.40209515 28.93542958 30.39160546 26.52213307 33.53912159
 29.48527539 29.05630726]",28.38403934,C21H24N4O3S2,444.128985,381701-95-7,COCCNc1nc2ccccn2c(=O)c1/C=C1\SC(=S)N(C2CCCCC2)C1=O,NatComm,21,8.085815782
340,5repeatAllMolecules/LY171883_1,55,57,0,0,319.0616,16.05698973,25.77412531,20.12831574,"[20.59132086 19.92354055 22.00848476 17.67626741 19.45015309 16.7892627
 21.96009448 20.38039666 16.68409938 19.81567859 21.09131852 23.02061197
 22.5217112  21.23698827 16.05698973 19.43455026 22.7560004  25.77412531
 18.17380833 17.22091232]",21.79482727,C16H22N4O3,318.169191,88107-10-2,CCCc1c(OCCCCc2nn[nH]n2)ccc(C(C)=O)c1O,NatComm,16,4.128315739
341,5repeatAllMolecules/LY171883_2,36,64,0,0,319.1759,15.23528464,22.66308541,19.9002811,"[19.29621492 20.70125642 15.23528464 20.53760383 21.57495837 21.13854042
 16.92829059 16.78116637 20.20430194 20.55576026 20.99040001 19.36023734
 21.8371135  22.53364868 18.95557348 20.86776977 22.66308541 16.1259138
 20.98216319 20.73633903]",22.17277943,C16H22N4O3,318.169191,88107-10-2,CCCc1c(OCCCCc2nn[nH]n2)ccc(C(C)=O)c1O,NatComm,16,3.900281099
342,5repeatAllMolecules/LY171883_3,34,64,0,0,319.1761,15.27035071,23.4312189,19.8910227,"[19.25294472 18.84155685 18.30769678 22.44552532 16.12954099 20.75503709
 20.33942601 15.27035071 23.34762995 23.03393554 16.7403075  21.2433041
 19.39343209 19.16364109 23.4312189  20.64101339 20.55302747 20.04983966
 19.35864249 19.52238339]",22.76129348,C16H22N4O3,318.169191,88107-10-2,CCCc1c(OCCCCc2nn[nH]n2)ccc(C(C)=O)c1O,NatComm,16,3.891022702
343,5repeatAllMolecules/LY171883_4,36,74,0,0,319.1761,13.7886859,25.48988319,19.53707196,"[17.53869347 13.7886859  19.35662488 19.86489166 16.36311374 23.66732977
 20.5314541  16.31700609 25.48988319 20.35879672 14.07754548 19.20380566
 20.87892219 16.01816161 21.22357692 18.53104235 23.9859804  24.26521233
 17.5521925  21.72852032]",22.76129348,C16H22N4O3,318.169191,88107-10-2,CCCc1c(OCCCCc2nn[nH]n2)ccc(C(C)=O)c1O,NatComm,16,3.537071965
344,5repeatAllMolecules/LY171883_5,37,62,0,0,319.1761,13.7886859,25.48988319,19.53707196,"[17.53869347 13.7886859  19.35662488 19.86489166 16.36311374 23.66732977
 20.5314541  16.31700609 25.48988319 20.35879672 14.07754548 19.20380566
 20.87892219 16.01816161 21.22357692 18.53104235 23.9859804  24.26521233
 17.5521925  21.72852032]",22.76129348,C16H22N4O3,318.169191,88107-10-2,CCCc1c(OCCCCc2nn[nH]n2)ccc(C(C)=O)c1O,NatComm,16,3.537071965
345,5repeatAllMolecules/Leflunomide_1,13,2337,0,0,271.0684,11.05508015,18.43936672,14.76825921,"[11.05508015 15.12562863 16.17755173 13.98611062 13.13468294 18.43936672
 11.36446244 14.10813213 18.30053498 15.04058936 15.46505942 15.97081762
 15.56416255 15.79967359 13.6858705  13.05688825 13.14067399 15.67269018
 16.48812288 13.78908548]",19.01474435,C12H9F3N2O2,270.061611,75706-12-6,Cc1oncc1C(=O)Nc1ccc(C(F)(F)F)cc1,NatComm,14,0.768259207
346,5repeatAllMolecules/Leflunomide_2,12,1930,0,0,271.0685,9.902362763,15.3748711,12.86621789,"[11.26507894 11.45196587 14.9255408  12.8902138  13.39501955 12.0004936
 13.09580168 13.43586622 14.61814234 11.66893108 15.01603772 14.00610062
 15.3748711  12.49828107 14.32040269 13.66417087 12.45628155 10.28836602
 11.05042953  9.90236276]",20.06951675,C12H9F3N2O2,270.061611,75706-12-6,Cc1oncc1C(=O)Nc1ccc(C(F)(F)F)cc1,NatComm,14,1.13378211
347,5repeatAllMolecules/Leflunomide_3,13,2134,0,0,271.0685,10.67656051,17.03227438,13.81567609,"[11.99580431 13.92438358 14.61673163 11.64840457 10.96777077 17.03227438
 14.8345308  15.353774   13.32463028 14.43308855 13.97738044 13.89698886
 14.56938592 14.1220102  15.54094411 12.87289789 16.76260756 14.42293577
 10.67656051 11.34041759]",20.06951675,C12H9F3N2O2,270.061611,75706-12-6,Cc1oncc1C(=O)Nc1ccc(C(F)(F)F)cc1,NatComm,14,0.184323914
348,5repeatAllMolecules/Leflunomide_4,14,2316,0,0,271.0685,12.12956413,17.93894418,14.9919504,"[15.14276435 16.01962109 12.81402776 15.92094901 13.82181756 16.61111775
 17.587148   16.39869779 14.27611815 13.24951332 17.93894418 15.58424853
 13.88911298 12.38155656 17.09257909 13.34723409 16.09111304 15.5312885
 12.12956413 14.01159205]",20.06951675,C12H9F3N2O2,270.061611,75706-12-6,Cc1oncc1C(=O)Nc1ccc(C(F)(F)F)cc1,NatComm,14,0.991950397
349,5repeatAllMolecules/Leflunomide_5,12,1944,0,0,271.0685,6.403195556,11.59952622,9.773342327,"[ 9.92632969 11.1913692   9.96672721  8.7213614   8.90842941  8.54927012
  6.40319556  8.34396227 10.25131691 11.09421597  8.73464877 10.49589434
 11.59952622  9.93475587 10.48112716  7.42231519  9.82522675 11.02969511
 11.00292598 11.58455342]",20.06951675,C12H9F3N2O2,270.061611,75706-12-6,Cc1oncc1C(=O)Nc1ccc(C(F)(F)F)cc1,NatComm,14,4.226657673
350,5repeatAllMolecules/Methionine_1,12,8,0,0,150.0581,5.750552079,11.75150574,8.099506885,"[ 7.1281986   8.91383738  7.51898387  7.39354982  8.27253738 11.75150574
  8.05609597  5.75055208  8.35366869  7.83293443  8.08754588  7.03180658
  6.4748483   9.33793199  7.73247061  9.61379853  8.65582224  6.63755328
  7.56747627  9.87902005]",9.725332335,C5H11NO2S,149.051051,63-68-3,CSCC[C@H](N)C(=O)O,NatComm,7,1.099506885
351,5repeatAllMolecules/Methionine_2,12,113,0,0,150.0581,5.065037428,10.75521144,7.933961164,"[ 7.71698135  9.93467297  5.06503743  8.16351124  9.99601233 10.75521144
  7.98226605  7.95366934  5.33650645  7.25144614  8.32150211  6.89481464
  8.68142439  6.35271356  6.07916687  7.43710132  9.06824511  6.94747225
 10.13751421  8.60395409]",9.725332335,C5H11NO2S,149.051051,63-68-3,CSCC[C@H](N)C(=O)O,NatComm,7,0.933961164
352,5repeatAllMolecules/Methionine_3,12,9,0,0,150.0581,5.750552079,11.75150574,8.099506885,"[ 7.1281986   8.91383738  7.51898387  7.39354982  8.27253738 11.75150574
  8.05609597  5.75055208  8.35366869  7.83293443  8.08754588  7.03180658
  6.4748483   9.33793199  7.73247061  9.61379853  8.65582224  6.63755328
  7.56747627  9.87902005]",9.725332335,C5H11NO2S,149.051051,63-68-3,CSCC[C@H](N)C(=O)O,NatComm,7,1.099506885
353,5repeatAllMolecules/Methionine_4,12,9,0,0,150.0581,5.750552079,11.75150574,8.099506885,"[ 7.1281986   8.91383738  7.51898387  7.39354982  8.27253738 11.75150574
  8.05609597  5.75055208  8.35366869  7.83293443  8.08754588  7.03180658
  6.4748483   9.33793199  7.73247061  9.61379853  8.65582224  6.63755328
  7.56747627  9.87902005]",9.725332335,C5H11NO2S,149.051051,63-68-3,CSCC[C@H](N)C(=O)O,NatComm,7,1.099506885
354,5repeatAllMolecules/N4Methoxybenzylidene_1,15,34,0,0,268.169,12.90846118,20.45815895,16.84649846,"[18.40422627 15.945904   18.86859276 17.2923428  17.96803046 13.10593527
 19.14627551 16.79625082 18.04553716 20.45815895 15.06408689 18.68815226
 14.09664591 16.48712562 14.74504812 14.70616175 17.51181649 18.57930778
 18.11190915 12.90846118]",18.44702358,C18H21NO,267.162314,26227-73-6,CCCCc1ccc(N=Cc2ccc(OC)cc2)cc1,NatComm,12,4.846498456
355,5repeatAllMolecules/N4Methoxybenzylidene_2,15,35,0,0,268.169,13.05236265,20.05599539,16.6505555,"[13.05236265 17.1250679  17.88426259 17.47707307 16.00073802 20.05599539
 17.39605928 15.79001871 14.26311306 19.67342104 16.06523961 16.48434901
 16.73927279 15.16380709 17.13748803 15.14107857 16.78058493 15.27094977
 17.5041577  18.00607069]",18.44702358,C18H21NO,267.162314,26227-73-6,CCCCc1ccc(N=Cc2ccc(OC)cc2)cc1,NatComm,12,4.650555495
356,5repeatAllMolecules/N4Methoxybenzylidene_3,13,32,0,0,268.169,13.05236265,20.05599539,16.6505555,"[13.05236265 17.1250679  17.88426259 17.47707307 16.00073802 20.05599539
 17.39605928 15.79001871 14.26311306 19.67342104 16.06523961 16.48434901
 16.73927279 15.16380709 17.13748803 15.14107857 16.78058493 15.27094977
 17.5041577  18.00607069]",18.44702358,C18H21NO,267.162314,26227-73-6,CCCCc1ccc(N=Cc2ccc(OC)cc2)cc1,NatComm,12,4.650555495
357,5repeatAllMolecules/N4Methoxybenzylidene_4,15,36,0,0,268.169,13.05236265,20.05599539,16.6505555,"[13.05236265 17.1250679  17.88426259 17.47707307 16.00073802 20.05599539
 17.39605928 15.79001871 14.26311306 19.67342104 16.06523961 16.48434901
 16.73927279 15.16380709 17.13748803 15.14107857 16.78058493 15.27094977
 17.5041577  18.00607069]",18.44702358,C18H21NO,267.162314,26227-73-6,CCCCc1ccc(N=Cc2ccc(OC)cc2)cc1,NatComm,12,4.650555495
358,5repeatAllMolecules/N4Methoxybenzylidene_5,15,36,0,0,268.1691,14.11135047,20.46355792,16.88056774,"[15.51962382 16.29875197 14.79270841 19.09277718 19.25455299 17.40824523
 18.32543841 20.46355792 14.11135047 16.60006158 16.46947178 18.09381529
 16.63311659 15.98905739 14.56375991 15.88882961 17.03678016 17.87882689
 17.02134684 16.16928232]",18.93235238,C18H21NO,267.162314,26227-73-6,CCCCc1ccc(N=Cc2ccc(OC)cc2)cc1,NatComm,12,4.880567739
359,5repeatAllMolecules/Necrostatin5_1,47,241,0,0,384.083,20.78453508,29.34659299,23.84953027,"[20.78453508 24.10832993 22.7861139  23.8244784  21.1792798  27.87584133
 21.4095078  22.3637031  23.0957899  27.02249669 24.43004807 24.510396
 23.02019533 24.05128472 23.3689885  23.11895439 23.0354192  23.35280423
 24.305846   29.34659299]",27.35512128,C19H17N3O2S2 ,383.076221,337349-54-9,COc1ccc(-n2c(SCC#N)nc3sc4c(c3c2=O)CCCC4)cc1,NatComm,20,3.849530268
360,5repeatAllMolecules/Necrostatin5_2,33,101,0,0,384.083,20.37794651,29.36484596,23.7031055,"[24.36911755 21.96851337 29.36484596 22.73059323 20.47692076 24.49359541
 23.14302213 22.45642759 26.99423594 22.38017126 22.19968927 25.02251144
 22.72807674 24.26804099 20.65718465 22.77584248 20.37794651 25.90731235
 25.79069099 25.95737133]",27.35512128,C19H17N3O2S2 ,383.076221,337349-54-9,COc1ccc(-n2c(SCC#N)nc3sc4c(c3c2=O)CCCC4)cc1,NatComm,20,3.703105498
361,5repeatAllMolecules/Necrostatin5_3,35,109,0,0,384.0831,20.71530628,29.37104051,23.90801556,"[22.90685276 24.61855123 29.37104051 23.87973012 21.19982059 22.96338298
 20.71530628 27.62059982 24.76060287 22.5816021  25.07644435 22.75456036
 22.60282656 27.53993153 22.46232756 21.89486099 21.15076121 24.70470883
 24.46813695 24.88826357]",26.51110122,C19H17N3O2S2 ,383.076221,337349-54-9,COc1ccc(-n2c(SCC#N)nc3sc4c(c3c2=O)CCCC4)cc1,NatComm,20,3.908015558
362,5repeatAllMolecules/Necrostatin5_4,47,187,0,0,384.0829,14.92325157,30.3311816,23.8398802,"[23.70103288 23.6399529  28.04852863 23.57246144 19.2926169  24.50382396
 14.92325157 24.79455245 26.8397607  23.35070028 22.7644272  26.8964692
 24.22117348 30.3311816  23.16214143 27.24951449 17.36434409 23.79099408
 25.77524329 22.57543342]",26.77360639,C19H17N3O2S2 ,383.076221,337349-54-9,COc1ccc(-n2c(SCC#N)nc3sc4c(c3c2=O)CCCC4)cc1,NatComm,20,3.839880199
363,5repeatAllMolecules/Necrostatin5_5,44,167,0,0,384.0829,19.74673354,27.30120586,23.42038193,"[26.42148855 24.67993791 27.30120586 25.05469882 19.74673354 22.59869468
 23.16098583 23.81847739 22.7716036  21.39013903 22.23867069 24.28461415
 22.28010727 25.81760555 23.97177705 23.22214984 21.80028985 21.56998012
 22.02302208 24.25545676]",26.77360639,C19H17N3O2S2 ,383.076221,337349-54-9,COc1ccc(-n2c(SCC#N)nc3sc4c(c3c2=O)CCCC4)cc1,NatComm,20,3.420381928
364,5repeatAllMolecules/Necrostatin7_1,23,57,0,0,372.0381,18.75511409,28.77530166,23.02664561,"[22.30356611 28.77530166 23.01122564 23.85786044 18.75511409 27.34255021
 22.0549522  19.53150039 21.25002468 19.68425449 25.65385439 20.12172864
 20.65354491 25.57867598 23.72799863 24.03193716 22.04226867 24.66590199
 26.03728988 21.45336206]",26.38479754,C16H10FN5OS2,371.0318,351062-08-3,N=C1S/C(=C\c2cn[nH]c2-c2ccc(F)cc2)C(=O)N1c1nccs1,NatComm,18,5.026645611
365,5repeatAllMolecules/Necrostatin7_2,17,51,0,0,372.038,18.66614434,27.2969661,22.488948,"[23.58113625 18.66614434 26.91932671 25.94455512 22.58818537 23.38118992
 19.41701334 23.90674127 21.76398289 20.5926135  19.95187013 18.70116442
 27.2969661  22.8545386  21.35224799 25.53287966 23.88412346 22.06228891
 19.31900689 22.06298521]",25.13228492,C16H10FN5OS2,371.0318,351062-08-3,N=C1S/C(=C\c2cn[nH]c2-c2ccc(F)cc2)C(=O)N1c1nccs1,NatComm,18,4.488948004
366,5repeatAllMolecules/Necrostatin7_3,23,63,0,0,372.0381,19.49558492,29.96907553,23.57830697,"[24.69652425 19.73077009 26.94933574 29.96907553 22.11574024 22.10697995
 21.44988026 20.69701792 27.59244281 24.36190471 25.26397909 24.34063196
 23.23167272 23.80988414 22.15844402 24.91556806 23.41655039 19.49558492
 21.64398238 23.62017029]",26.38479754,C16H10FN5OS2,371.0318,351062-08-3,N=C1S/C(=C\c2cn[nH]c2-c2ccc(F)cc2)C(=O)N1c1nccs1,NatComm,18,5.578306974
367,5repeatAllMolecules/Necrostatin7_4,23,56,0,0,372.0381,18.97213757,28.13889618,23.03367087,"[22.5990168  24.24279745 23.83445532 18.97213757 24.02590418 21.27048216
 23.89040211 23.76687523 24.97608406 19.73881254 23.39648675 23.23432061
 28.13889618 19.03895804 20.06833777 27.94785225 20.81459402 24.57715585
 23.24463454 22.89521393]",26.38479754,C16H10FN5OS2,371.0318,351062-08-3,N=C1S/C(=C\c2cn[nH]c2-c2ccc(F)cc2)C(=O)N1c1nccs1,NatComm,18,5.033670867
368,5repeatAllMolecules/Necrostatin7_5,12,165,0,0,372.0379,18.73212717,26.36211315,23.07122002,"[22.33265593 22.54551297 22.55818203 22.90891744 20.85029686 24.38922235
 23.05186161 25.24552422 21.02527358 26.36211315 23.41916074 23.16478862
 22.02788773 23.52150669 25.22302919 18.73212717 23.38838942 23.47186992
 26.2420361  20.96404467]",26.48242323,C16H10FN5OS2,371.0318,351062-08-3,N=C1S/C(=C\c2cn[nH]c2-c2ccc(F)cc2)C(=O)N1c1nccs1,NatComm,18,5.07122002
369,5repeatAllMolecules/Nimodipine_1,74,314,0,0,419.1807,20.53686639,31.58259782,26.62605457,"[31.58259782 28.81765317 25.56078502 30.74899021 25.8740972  27.53435875
 26.02825072 29.0292678  31.44402718 21.72177659 28.06680658 23.73732879
 20.53686639 27.13639284 23.90100968 24.86762373 25.72025999 25.62754216
 27.31293417 27.27252272]",27.8265257,C21H26N2O7,418.174002,66085-59-4,COCCOC(=O)C1=C(C)NC(C)=C(C(=O)OC(C)C)C1c1cccc([N+](=O)[O-])c1,NatComm,16,10.62605457
370,5repeatAllMolecules/Nimodipine_2,63,311,0,0,419.1807,22.7875724,30.71167509,26.78050413,"[26.22296332 23.67164562 22.7875724  25.8077736  27.67945234 28.09839913
 29.53764491 28.69260462 27.26922214 23.69065856 28.46751071 26.33841606
 24.21373008 29.9949541  27.7290827  28.10870867 30.71167509 23.60068836
 28.29887305 24.68850704]",27.8265257,C21H26N2O7,418.174002,66085-59-4,COCCOC(=O)C1=C(C)NC(C)=C(C(=O)OC(C)C)C1c1cccc([N+](=O)[O-])c1,NatComm,16,10.78050413
371,5repeatAllMolecules/Nimodipine_3,70,298,0,0,419.1807,21.9921141,29.46866229,26.39910114,"[27.98435288 25.22236413 25.56018212 27.79299942 21.9921141  28.54595039
 27.37097364 27.67019548 23.35862101 27.17630893 24.15018531 29.46866229
 22.52220051 26.60265752 24.84984727 29.31602521 28.95424751 27.32011387
 25.74570588 26.37831536]",27.8265257,C21H26N2O7,418.174002,66085-59-4,COCCOC(=O)C1=C(C)NC(C)=C(C(=O)OC(C)C)C1c1cccc([N+](=O)[O-])c1,NatComm,16,10.39910114
372,5repeatAllMolecules/Nimodipine_4,57,49,0,0,419.1807,22.55660555,33.00590542,26.8460501,"[23.84170573 27.38868372 27.31993299 30.34991236 30.39602861 22.55660555
 25.90325085 25.79389505 29.95347872 24.50412466 27.32362841 27.3671644
 28.31777494 25.13011351 29.01453094 24.88813253 23.38539546 26.59804553
 33.00590542 23.88269263]",27.8265257,C21H26N2O7,418.174002,66085-59-4,COCCOC(=O)C1=C(C)NC(C)=C(C(=O)OC(C)C)C1c1cccc([N+](=O)[O-])c1,NatComm,16,10.8460501
373,5repeatAllMolecules/Nimodipine_5,7,320,0,0,420.4166,21.55425857,32.03455815,27.12210286,"[31.56591577 28.76755042 28.74843518 28.2274252  26.92926472 29.92025382
 24.3380197  23.60769908 28.62716916 29.34837479 21.55425857 22.73702125
 23.91122727 23.60159228 26.02484718 29.62599853 25.3922284  32.03455815
 26.73495833 30.7452594 ]",29.13809782,C21H26N2O7,418.174002,66085-59-4,COCCOC(=O)C1=C(C)NC(C)=C(C(=O)OC(C)C)C1c1cccc([N+](=O)[O-])c1,NatComm,16,11.12210286
374,5repeatAllMolecules/Oxacillin_1,6,1114,0,0,424.093,17.38465343,24.79459982,21.45449271,"[24.79459982 22.4380263  23.70564747 22.22938345 22.55250691 23.58555534
 21.56558689 19.00030264 19.60324611 21.4922054  23.15683414 20.60314086
 19.68871509 17.38465343 24.14964153 24.47762854 18.18771989 20.0866811
 21.69531073 18.69246849]",29.71061582,C19H19N3O5S,401.104544,66-79-5,Cc1onc(-c2ccccc2)c1C(=O)N[C@@H]1C(=O)N2[C@@H]1SC(C)(C)[C@@H]2C(=O)O,NatComm,19,2.454492707
375,5repeatAllMolecules/Oxacillin_2,6,1362,0,0,424.0931,18.41489948,25.42083695,21.60852869,"[21.05697955 22.0216786  24.16560389 20.43601304 22.44530628 25.42083695
 19.15162417 21.56430627 20.94117622 21.68107431 19.57031077 20.68888942
 18.41489948 24.05662322 23.62316868 23.39038209 21.03147472 21.41977672
 20.24752916 20.84292035]",29.05575479,C19H19N3O5S,401.104544,66-79-5,Cc1onc(-c2ccccc2)c1C(=O)N[C@@H]1C(=O)N2[C@@H]1SC(C)(C)[C@@H]2C(=O)O,NatComm,19,2.608528694
376,5repeatAllMolecules/Oxacillin_3,7,1177,0,0,424.0931,19.86477721,28.36964196,25.26142659,"[25.37484519 23.64451042 24.96084973 26.5557658  25.96003623 25.89283394
 24.50618145 25.19973739 25.2890933  27.22634422 19.86477721 22.51152685
 27.07799119 23.24851231 28.36964196 28.23674831 23.51255184 26.05525289
 26.64918806 25.09214358]",29.05575479,C19H19N3O5S,401.104544,66-79-5,Cc1onc(-c2ccccc2)c1C(=O)N[C@@H]1C(=O)N2[C@@H]1SC(C)(C)[C@@H]2C(=O)O,NatComm,19,6.261426594
377,5repeatAllMolecules/Oxacillin_4,6,1144,0,0,424.093,15.81168969,28.18933044,22.27516343,"[18.73128828 22.67129124 20.03157904 23.0229381  21.29926248 23.49324468
 15.81168969 18.41317832 25.87283974 28.18933044 24.03507093 22.31472495
 21.38131229 23.51281473 23.58771284 21.98599203 24.28496068 21.80648387
 21.27240727 23.78514702]",29.71061582,C19H19N3O5S,401.104544,66-79-5,Cc1onc(-c2ccccc2)c1C(=O)N[C@@H]1C(=O)N2[C@@H]1SC(C)(C)[C@@H]2C(=O)O,NatComm,19,3.275163432
378,5repeatAllMolecules/Oxacillin_5,5,156,0,0,424.0929,18.75338491,32.33219454,26.56188791,"[30.61257624 26.67211984 21.68929521 26.6390015  26.19790941 29.56244145
 25.32843109 27.59393637 32.33219454 27.85159797 25.06183598 23.75639026
 18.75338491 30.395492   25.00992373 24.75997617 24.8334614  29.61786075
 31.11756233 23.45236716]",29.27558374,C19H19N3O5S,401.104544,66-79-5,Cc1onc(-c2ccccc2)c1C(=O)N[C@@H]1C(=O)N2[C@@H]1SC(C)(C)[C@@H]2C(=O)O,NatComm,19,7.561887915
379,5repeatAllMolecules/PinacolEster_1,10,35,0,0,248.1198,9.707960744,19.44741142,15.0170921,"[15.86069245 17.04216462  9.70796074 11.71740788 17.4343713  18.08515385
 12.49163227 15.49518423 15.11461137 15.69661957 11.94422222 15.27199771
 19.44741142 11.21404553 16.2959905  15.45293963 15.23219603 14.28891366
 15.33150233 17.21682465]",16.75736433,C12H21BO2,208.16346,141091-37-4,CC1(C)OB(C2=CCCCC2)OC1(C)C,NatComm,10,5.017092099
380,5repeatAllMolecules/PinacolEster_2,10,33,0,0,248.1198,9.707960744,19.44741142,15.0170921,"[15.86069245 17.04216462  9.70796074 11.71740788 17.4343713  18.08515385
 12.49163227 15.49518423 15.11461137 15.69661957 11.94422222 15.27199771
 19.44741142 11.21404553 16.2959905  15.45293963 15.23219603 14.28891366
 15.33150233 17.21682465]",16.75736433,C12H21BO2,208.16346,141091-37-4,CC1(C)OB(C2=CCCCC2)OC1(C)C,NatComm,10,5.017092099
381,5repeatAllMolecules/PinacolEster_3,10,35,0,0,248.1198,9.707960744,19.44741142,15.0170921,"[15.86069245 17.04216462  9.70796074 11.71740788 17.4343713  18.08515385
 12.49163227 15.49518423 15.11461137 15.69661957 11.94422222 15.27199771
 19.44741142 11.21404553 16.2959905  15.45293963 15.23219603 14.28891366
 15.33150233 17.21682465]",16.75736433,C12H21BO2,208.16346,141091-37-4,CC1(C)OB(C2=CCCCC2)OC1(C)C,NatComm,10,5.017092099
382,5repeatAllMolecules/PinacolEster_4,10,35,0,0,248.1198,9.707960744,19.44741142,15.0170921,"[15.86069245 17.04216462  9.70796074 11.71740788 17.4343713  18.08515385
 12.49163227 15.49518423 15.11461137 15.69661957 11.94422222 15.27199771
 19.44741142 11.21404553 16.2959905  15.45293963 15.23219603 14.28891366
 15.33150233 17.21682465]",16.75736433,C12H21BO2,208.16346,141091-37-4,CC1(C)OB(C2=CCCCC2)OC1(C)C,NatComm,10,5.017092099
383,5repeatAllMolecules/PinacolEster_5,11,33,0,0,248.1198,9.707960744,19.44741142,15.0170921,"[15.86069245 17.04216462  9.70796074 11.71740788 17.4343713  18.08515385
 12.49163227 15.49518423 15.11461137 15.69661957 11.94422222 15.27199771
 19.44741142 11.21404553 16.2959905  15.45293963 15.23219603 14.28891366
 15.33150233 17.21682465]",16.75736433,C12H21BO2,208.16346,141091-37-4,CC1(C)OB(C2=CCCCC2)OC1(C)C,NatComm,10,5.017092099
384,5repeatAllMolecules/PinacolEster_CAS_1218790_54_5_1,17,35,0,0,248.1201,11.35058333,17.80313263,14.85234434,"[14.43583085 16.39448602 13.84385318 15.77812469 14.95392217 14.40612147
 16.85117433 13.37724879 13.43695768 15.21860725 15.65227797 11.35058333
 11.8240738  14.14031746 17.80313263 15.86749408 17.2758584  14.34272068
 15.62156044 14.47254158]",16.48354386,C11H14BN3O3,247.112822,1218790-54-5,CC1(C)OB(c2cnc3nonc3c2)OC1(C)C,NatComm,13,1.852344341
385,5repeatAllMolecules/PinacolEster_CAS_1218790_54_5_2,14,31,0,0,248.12,11.55136645,18.55964422,15.00967126,"[12.27636212 15.87202964 16.81412627 14.60977287 13.20763196 17.46294369
 16.15629594 15.27414481 15.58486264 13.43478161 12.96342739 15.71394081
 12.8537266  13.60149509 15.29778671 18.55964422 17.10612613 17.10631411
 14.74664607 11.55136645]",17.19603403,C11H14BN3O3,247.112822,1218790-54-5,CC1(C)OB(c2cnc3nonc3c2)OC1(C)C,NatComm,13,2.009671256
386,5repeatAllMolecules/PinacolEster_CAS_1218790_54_5_3,17,33,0,0,248.12,11.31919366,21.3544317,14.87227213,"[15.51551062 16.57548278 16.40383522 17.7552103  12.13689769 12.1272538
 16.47141932 11.31919366 21.3544317  16.98217373 15.69803498 12.83586563
 17.13981446 12.1139667  16.92182823 14.40045996 12.63137233 14.57648147
 11.84884132 12.63736863]",17.19603403,C11H14BN3O3,247.112822,1218790-54-5,CC1(C)OB(c2cnc3nonc3c2)OC1(C)C,NatComm,13,1.872272127
387,5repeatAllMolecules/PinacolEster_CAS_1218790_54_5_5,10,32,0,0,248.1199,11.49032684,18.13654792,15.02782531,"[13.61421453 11.49032684 14.38783325 16.00094699 15.44439132 15.2411837
 15.58429189 17.72511287 14.07298882 15.31313588 15.39386129 15.06309607
 15.09441635 12.74731763 14.91876109 15.69943096 15.55473236 16.50183928
 12.57207725 18.13654792]",16.6704875,C11H14BN3O3,247.112822,1218790-54-5,CC1(C)OB(c2cnc3nonc3c2)OC1(C)C,NatComm,13,2.027825315
388,5repeatAllMolecules/Primisulfuron_Methyl_1,42,58,0,0,469.0432,23.14943385,32.74478132,27.84225898,"[23.57546071 27.77286718 26.09651357 29.46025841 32.74478132 30.81012405
 30.69050379 28.92672963 26.76665181 29.41894797 31.93903718 28.98971044
 25.24591688 29.74254151 23.14943385 26.40221278 25.51201484 26.05274778
 26.67221673 26.87650923]",33.69244635,C15H12F4N4O7S,468.036285,86209-51-0,COC(=O)c1ccccc1S(=O)(=O)NC(=O)Nc1nc(OC(F)F)cc(OC(F)F)n1,NatComm,23,4.842258984
389,5repeatAllMolecules/Primisulfuron_Methyl_2,36,55,0,0,469.0433,26.56925771,33.50991642,30.4661495,"[29.54302555 31.44293047 26.56925771 32.2980737  27.2124186  33.37974082
 27.42282853 28.42356693 32.89716287 31.87960076 29.9083584  33.1476905
 29.92542326 28.71591248 30.36037114 30.09321214 33.50991642 32.43042255
 28.16495405 31.9981231 ]",33.51774024,C15H12F4N4O7S,468.036285,86209-51-0,COC(=O)c1ccccc1S(=O)(=O)NC(=O)Nc1nc(OC(F)F)cc(OC(F)F)n1,NatComm,23,7.466149499
390,5repeatAllMolecules/Primisulfuron_Methyl_3,32,59,0,0,469.0433,26.56925771,33.50991642,30.4661495,"[29.54302555 31.44293047 26.56925771 32.2980737  27.2124186  33.37974082
 27.42282853 28.42356693 32.89716287 31.87960076 29.9083584  33.1476905
 29.92542326 28.71591248 30.36037114 30.09321214 33.50991642 32.43042255
 28.16495405 31.9981231 ]",33.51774024,C15H12F4N4O7S,468.036285,86209-51-0,COC(=O)c1ccccc1S(=O)(=O)NC(=O)Nc1nc(OC(F)F)cc(OC(F)F)n1,NatComm,23,7.466149499
391,5repeatAllMolecules/Primisulfuron_Methyl_4,36,60,0,0,469.0433,26.56925771,33.50991642,30.4661495,"[29.54302555 31.44293047 26.56925771 32.2980737  27.2124186  33.37974082
 27.42282853 28.42356693 32.89716287 31.87960076 29.9083584  33.1476905
 29.92542326 28.71591248 30.36037114 30.09321214 33.50991642 32.43042255
 28.16495405 31.9981231 ]",33.51774024,C15H12F4N4O7S,468.036285,86209-51-0,COC(=O)c1ccccc1S(=O)(=O)NC(=O)Nc1nc(OC(F)F)cc(OC(F)F)n1,NatComm,23,7.466149499
392,5repeatAllMolecules/Primisulfuron_Methyl_5,37,60,0,0,469.0433,26.56925771,33.50991642,30.4661495,"[29.54302555 31.44293047 26.56925771 32.2980737  27.2124186  33.37974082
 27.42282853 28.42356693 32.89716287 31.87960076 29.9083584  33.1476905
 29.92542326 28.71591248 30.36037114 30.09321214 33.50991642 32.43042255
 28.16495405 31.9981231 ]",33.51774024,C15H12F4N4O7S,468.036285,86209-51-0,COC(=O)c1ccccc1S(=O)(=O)NC(=O)Nc1nc(OC(F)F)cc(OC(F)F)n1,NatComm,23,7.466149499
393,5repeatAllMolecules/QuinolineYellow_1,19,32,0,0,274.0856,11.45106727,23.51705801,17.22646129,"[14.80120688 19.16472834 17.62681178 16.70012294 17.20000295 13.43297515
 16.91197116 11.45106727 20.01523246 15.64688306 20.4920546  18.28347179
 14.99549179 23.51705801 12.88739007 17.35647981 18.2372513  17.75059625
 17.60806743 20.45036279]",19.86071415,C18H11NO2,273.078979,8003-22-3,O=C1c2ccccc2C(=O)C1c1ccc2ccccc2n1,NatComm,12,5.226461292
394,5repeatAllMolecules/QuinolineYellow_2,31,67,0,0,274.0856,13.55969212,21.19352377,17.19633086,"[18.66438931 19.13823593 17.81089996 19.49839087 13.55969212 16.61895169
 17.67310409 15.39603512 14.86474702 14.39106511 16.56421054 14.46960151
 16.41576033 19.58236252 19.99757768 21.19352377 15.89608931 17.34775475
 16.30515217 18.53907343]",19.86071415,C18H11NO2,273.078979,8003-22-3,O=C1c2ccccc2C(=O)C1c1ccc2ccccc2n1,NatComm,12,5.196330861
395,5repeatAllMolecules/QuinolineYellow_4,33,83,0,0,274.0857,13.99880932,21.52549391,17.00697508,"[14.21583394 14.01704828 20.55605279 21.17060249 16.90067437 18.21979912
 14.19294288 21.52549391 18.57082372 21.16513009 15.4100154  17.00871655
 15.93141412 14.4122789  13.99880932 14.11986594 18.79160013 16.34885564
 18.9528097  14.6307343 ]",18.44958417,C18H11NO2,273.078979,8003-22-3,O=C1c2ccccc2C(=O)C1c1ccc2ccccc2n1,NatComm,12,5.00697508
396,5repeatAllMolecules/QuinolineYellow_5,35,59,0,0,274.0856,12.57340975,20.84438033,16.96039246,"[20.84438033 15.70554506 16.49022029 16.27871937 19.42242009 17.64199564
 17.06468406 17.00893595 12.57340975 18.59532781 15.46508217 13.41564556
 16.07406261 18.80543573 17.54566602 15.32227884 18.52115635 17.85163092
 17.65735339 16.92389932]",19.86071415,C18H11NO2,273.078979,8003-22-3,O=C1c2ccccc2C(=O)C1c1ccc2ccccc2n1,NatComm,12,4.960392463
397,5repeatAllMolecules/Rolipram_1,29,45,0,0,276.1589,12.55057341,21.16222772,17.22678864,"[16.75295835 17.437026   17.71853078 20.79136902 17.5919383  18.49557763
 19.82510085 15.88676706 14.90041324 20.10977869 16.69788261 17.24688597
 13.91391038 16.16003626 16.13918499 21.16222772 15.98973807 16.19226379
 18.97360968 12.55057341]",18.71867741,C16H21NO3,275.152144,61413-54-5,COc1ccc(C2CNC(=O)C2)cc1OC1CCCC1,NatComm,14,3.22678864
398,5repeatAllMolecules/Rolipram_2,28,47,0,0,276.159,12.77231301,20.87032342,17.04943145,"[16.85874277 18.68888475 18.11258821 16.036155   17.27192819 15.33939098
 15.86302763 19.6803258  16.44152355 14.07617724 18.69944058 18.66699551
 12.78011603 18.40745239 18.21823553 16.51769872 17.40330791 18.28400168
 12.77231301 20.87032342]",17.72687297,C16H21NO3,275.152144,61413-54-5,COc1ccc(C2CNC(=O)C2)cc1OC1CCCC1,NatComm,14,3.049431446
399,5repeatAllMolecules/Rolipram_3,28,47,0,0,276.1589,11.8336631,21.36325819,17.03967335,"[20.15734502 18.09313152 18.10650043 18.22991291 18.15449869 17.5932829
 16.51124633 14.36887929 18.37689658 16.75040174 18.82743061 13.41650014
 19.97515822 14.40752308 21.36325819 15.59750503 13.06177078 11.8336631
 18.68214007 17.28642246]",18.71867741,C16H21NO3,275.152144,61413-54-5,COc1ccc(C2CNC(=O)C2)cc1OC1CCCC1,NatComm,14,3.039673354
400,5repeatAllMolecules/Rolipram_4,28,46,0,0,276.159,12.77231301,20.87032342,17.04943145,"[16.85874277 18.68888475 18.11258821 16.036155   17.27192819 15.33939098
 15.86302763 19.6803258  16.44152355 14.07617724 18.69944058 18.66699551
 12.78011603 18.40745239 18.21823553 16.51769872 17.40330791 18.28400168
 12.77231301 20.87032342]",17.72687297,C16H21NO3,275.152144,61413-54-5,COc1ccc(C2CNC(=O)C2)cc1OC1CCCC1,NatComm,14,3.049431446
401,5repeatAllMolecules/Rolipram_5,27,44,0,0,276.159,12.77231301,20.87032342,17.04943145,"[16.85874277 18.68888475 18.11258821 16.036155   17.27192819 15.33939098
 15.86302763 19.6803258  16.44152355 14.07617724 18.69944058 18.66699551
 12.78011603 18.40745239 18.21823553 16.51769872 17.40330791 18.28400168
 12.77231301 20.87032342]",17.72687297,C16H21NO3,275.152144,61413-54-5,COc1ccc(C2CNC(=O)C2)cc1OC1CCCC1,NatComm,14,3.049431446
402,5repeatAllMolecules/SCH58261_1,18,45,0,0,346.1405,17.51849592,24.9611821,20.50342395,"[17.98849759 18.0229698  19.90602068 17.88875181 24.76345423 20.63651513
 19.71103904 20.35022911 18.5581153  20.79185206 20.7439716  20.42125535
 24.9611821  22.46590459 21.18531619 21.92658901 17.51849592 19.17679761
 21.69572704 21.35579487]",24.85953867,C18H15N7O,345.133808,160098-96-4,Nc1nc2c(cnn2CCc2ccccc2)c2nc(-c3ccco3)nn12,NatComm,18,2.503423952
403,5repeatAllMolecules/SCH58261_2,20,48,0,0,346.1406,17.52421324,23.79573914,20.62704613,"[19.50282583 23.10442045 21.53980897 19.39754011 19.57579119 20.8426782
 17.52421324 20.14642005 20.23748458 19.21420901 23.79573914 21.04524914
 22.09142779 20.84949674 22.44161026 19.53322334 19.00845811 20.79549891
 19.86328723 22.03154031]",24.64891988,C18H15N7O,345.133808,160098-96-4,Nc1nc2c(cnn2CCc2ccccc2)c2nc(-c3ccco3)nn12,NatComm,18,2.62704613
404,5repeatAllMolecules/SCH58261_3,13,52,0,0,346.1406,16.80158359,25.02930328,20.76241864,"[20.43269801 22.42474234 21.59396676 21.91140466 25.02930328 17.79191412
 20.78199841 22.80955594 24.85883843 18.52331812 24.82095525 18.88158909
 19.71969657 20.99521053 20.91436832 17.26887346 20.18542372 19.68558074
 16.80158359 19.81735145]",24.64891988,C18H15N7O,345.133808,160098-96-4,Nc1nc2c(cnn2CCc2ccccc2)c2nc(-c3ccco3)nn12,NatComm,18,2.762418639
405,5repeatAllMolecules/SCH58261_4,20,48,0,0,346.1406,16.24314278,24.38715729,20.47952286,"[22.81133394 20.19087738 18.80791741 23.03639483 19.22125755 20.45883799
 18.7922991  17.26519425 18.45980779 20.88535178 20.69873842 22.61904873
 22.65808111 16.24314278 23.70377309 22.02932143 16.7366281  20.2463701
 20.33892418 24.38715729]",24.64891988,C18H15N7O,345.133808,160098-96-4,Nc1nc2c(cnn2CCc2ccccc2)c2nc(-c3ccco3)nn12,NatComm,18,2.479522863
406,5repeatAllMolecules/SCH58261_5,22,48,0,0,346.1405,17.04745895,25.44049664,20.68682839,"[25.44049664 17.04745895 18.8329807  22.74954608 22.0361518  17.95792295
 23.39348739 19.39247358 21.18721336 19.68951883 18.90484103 22.84079329
 18.72108218 22.23131019 18.40488092 24.11180445 19.51163347 21.32509931
 21.8132138  18.14465897]",24.85953867,C18H15N7O,345.133808,160098-96-4,Nc1nc2c(cnn2CCc2ccccc2)c2nc(-c3ccco3)nn12,NatComm,18,2.686828394
407,5repeatAllMolecules/SR1001_1,18,19,0,0,478.0321,19.82107351,35.49874927,31.71806233,"[19.82107351 35.27163486 26.39962201 32.54602867 32.97409495 35.49874927
 30.43060683 31.53085883 35.20408763 31.87680913 28.5594052  28.10959782
 28.91434189 34.678087   31.24608822 34.84084672 34.69578302 35.11887148
 31.42817682 35.21648284]",33.23586735,C15H13F6N3O4S2,477.025169,1335106-03-0,CC(=O)Nc1nc(C)c(S(=O)(=O)Nc2ccc(C(O)(C(F)(F)F)C(F)(F)F)cc2)s1,NatComm,23,8.718062334
408,5repeatAllMolecules/SR1001_3,19,20,0,0,478.032,21.91967108,37.94093476,30.96531472,"[21.91967108 33.5223319  30.06530564 33.47781599 35.54595449 27.05387839
 29.71179013 25.628935   29.6306182  26.62887332 35.36699058 31.58369158
 32.02594278 26.64456069 31.21516622 32.73996732 31.7720407  34.57891925
 32.25290637 37.94093476]",35.13613595,C15H13F6N3O4S2,477.025169,1335106-03-0,CC(=O)Nc1nc(C)c(S(=O)(=O)Nc2ccc(C(O)(C(F)(F)F)C(F)(F)F)cc2)s1,NatComm,23,7.96531472
409,5repeatAllMolecules/SR1001_4,18,20,0,0,478.0321,28.21588741,37.08091507,31.86950895,"[32.35820791 30.39677713 37.05301899 29.32616618 37.08091507 32.85848824
 28.59673692 28.28432551 33.21962031 31.15834765 35.1751737  34.3151102
 34.06862172 32.90100401 32.20285461 28.55014461 28.21588741 32.13980756
 29.97590278 29.51306853]",33.23586735,C15H13F6N3O4S2,477.025169,1335106-03-0,CC(=O)Nc1nc(C)c(S(=O)(=O)Nc2ccc(C(O)(C(F)(F)F)C(F)(F)F)cc2)s1,NatComm,23,8.869508952
410,5repeatAllMolecules/SR1001_5,19,21,0,0,478.0321,26.14949024,37.23452236,31.44181283,"[29.02316748 32.65121666 31.28843037 37.23452236 32.76266607 32.86153846
 27.19409857 31.58520669 28.76381441 36.21447499 30.54368785 31.36539089
 27.27565637 31.49587677 30.67467029 27.46557766 26.14949024 36.73300356
 36.39256221 31.16120476]",33.23586735,C15H13F6N3O4S2,477.025169,1335106-03-0,CC(=O)Nc1nc(C)c(S(=O)(=O)Nc2ccc(C(O)(C(F)(F)F)C(F)(F)F)cc2)s1,NatComm,23,8.441812834
411,5repeatAllMolecules/SudanBlueII_1,138,2510,0,0,350.9863,11.43955337,18.78401388,15.71657384,"[12.57069679 16.27612863 15.50250241 16.4819487  16.41847844 12.21224334
 16.1077952  14.18018587 16.97092601 18.60041118 18.78401388 16.14119989
 17.9035131  17.62183055 14.47422593 15.39722525 11.43955337 15.95995357
 15.84252858 15.44611615]",24.51260638,C22H26N2O2,350.199428,17354-14-2,CCCCNc1ccc(NCCCC)c2c1C(=O)c1ccccc1C2=O,NatComm,12,3.716573841
412,5repeatAllMolecules/SudanBlueII_2,67,1804,0,0,350.9864,14.76839359,20.10762118,18.06289261,"[18.22372858 18.40630098 14.76839359 19.2028671  19.49667647 16.60493941
 18.97770986 17.12897195 20.10762118 18.87176505 17.12957472 17.88775934
 18.55625311 19.77537829 16.23501634 18.52430546 16.51236627 16.44536574
 19.21458496 19.18827388]",24.47296615,C22H26N2O2,350.199428,17354-14-2,CCCCNc1ccc(NCCCC)c2c1C(=O)c1ccccc1C2=O,NatComm,12,6.062892614
413,5repeatAllMolecules/SudanBlueII_3,91,56,0,0,350.9864,17.20936556,27.950975,22.31179631,"[21.84571459 23.27179878 26.16857529 19.69284387 18.82230996 27.63805539
 20.41565541 27.950975   24.34096206 22.71917856 21.62388126 24.58626105
 22.18605587 20.25865487 17.35924608 18.93517839 17.20936556 23.49257027
 26.1513006  21.56734331]",24.47296615,C22H26N2O2,350.199428,17354-14-2,CCCCNc1ccc(NCCCC)c2c1C(=O)c1ccccc1C2=O,NatComm,12,10.31179631
414,5repeatAllMolecules/SudanBlueII_4,81,90,0,0,350.9863,16.99379092,29.27228666,22.48626893,"[16.99379092 20.53754113 24.2569836  21.22133044 24.58144076 22.45800045
 21.35582319 27.0792892  24.6158171  20.35784273 20.88035574 21.9410412
 22.31233509 20.82516357 22.2196142  20.73776083 20.38301005 29.27228666
 25.02034199 22.67560985]",24.51260638,C22H26N2O2,350.199428,17354-14-2,CCCCNc1ccc(NCCCC)c2c1C(=O)c1ccccc1C2=O,NatComm,12,10.48626893
415,5repeatAllMolecules/SudanBlueII_5,130,1677,0,0,350.9866,16.58655289,28.42288475,22.08168943,"[19.06824423 18.73369776 28.42288475 28.02643934 21.25733377 20.25012204
 26.05914244 24.62095918 23.93546472 20.13575093 19.52196022 23.69323518
 16.58655289 22.8216495  24.85376093 16.63400453 21.00376892 22.2438239
 23.53633557 20.22865789]",24.55122084,C22H26N2O2,350.199428,17354-14-2,CCCCNc1ccc(NCCCC)c2c1C(=O)c1ccccc1C2=O,NatComm,12,10.08168943
416,5repeatAllMolecules/SudanIII_2,36,1253,0,0,352.9834,13.75093763,20.6185625,18.02839002,"[17.62384007 20.43644909 17.28125793 13.78737152 14.72593878 13.75093763
 15.30728173 20.25179371 19.51553807 19.73522292 18.78806488 19.02250854
 20.6185625  17.95117232 20.55964423 18.52031469 17.45362142 18.05759492
 18.59669128 18.58399419]",25.12295262,C22H16N4O,352.132411,85-86-9,Oc1ccc2ccccc2c1N=Nc1ccc(N=Nc2ccccc2)cc1,NatComm,11,7.02839002
417,5repeatAllMolecules/SudanIII_3,42,3094,0,0,352.9833,16.37158178,22.64963108,19.59004672,"[19.61829311 21.33367235 19.74315488 18.31358256 21.33005174 20.8435095
 16.37158178 19.99061732 19.53920543 22.64963108 19.47503473 19.24401505
 18.96331769 17.09496551 18.27472419 16.39268802 22.31617874 22.1202151
 20.0383509  18.14814473]",23.75566027,C22H16N4O,352.132411,85-86-9,Oc1ccc2ccccc2c1N=Nc1ccc(N=Nc2ccccc2)cc1,NatComm,11,8.590046722
418,5repeatAllMolecules/SudanIII_5,41,2143,0,0,352.9833,17.66061562,24.7020892,21.14733865,"[21.98829734 23.95988772 17.66061562 24.7020892  19.6974945  19.42386578
 20.30310358 21.74319211 21.35685391 22.16121442 22.50895722 18.47789748
 20.92167149 21.17451521 21.51023672 19.60709144 23.6678288  23.49597987
 19.32284165 19.26313901]",23.75566027,C22H16N4O,352.132411,85-86-9,Oc1ccc2ccccc2c1N=Nc1ccc(N=Nc2ccccc2)cc1,NatComm,11,10.14733865
419,5repeatAllMolecules/Sulfanilamide_1,8,14,0,0,173.0377,7.483965597,14.20869804,10.54668424,"[10.89169587  9.47275159 11.55613466  9.87130251 10.89602218  9.08170582
 10.18981903 12.57890449 11.76021877 14.20869804 10.01754036 11.86257653
 10.70525656  7.70013188 12.81525738  9.48448136 11.83633171  9.61964343
  8.90124702  7.4839656 ]",11.3406599,C6H8N2O2S,172.03065,63-74-1,Nc1ccc(S(N)(=O)=O)cc1,NatComm,8,2.546684239
420,5repeatAllMolecules/Sulfanilamide_2,6,7,0,0,173.0377,7.483965597,14.20869804,10.54668424,"[10.89169587  9.47275159 11.55613466  9.87130251 10.89602218  9.08170582
 10.18981903 12.57890449 11.76021877 14.20869804 10.01754036 11.86257653
 10.70525656  7.70013188 12.81525738  9.48448136 11.83633171  9.61964343
  8.90124702  7.4839656 ]",11.3406599,C6H8N2O2S,172.03065,63-74-1,Nc1ccc(S(N)(=O)=O)cc1,NatComm,8,2.546684239
421,5repeatAllMolecules/Sulfanilamide_3,7,7,0,0,173.0377,7.483965597,14.20869804,10.54668424,"[10.89169587  9.47275159 11.55613466  9.87130251 10.89602218  9.08170582
 10.18981903 12.57890449 11.76021877 14.20869804 10.01754036 11.86257653
 10.70525656  7.70013188 12.81525738  9.48448136 11.83633171  9.61964343
  8.90124702  7.4839656 ]",11.3406599,C6H8N2O2S,172.03065,63-74-1,Nc1ccc(S(N)(=O)=O)cc1,NatComm,8,2.546684239
422,5repeatAllMolecules/Sulfanilamide_4,6,9,0,0,173.0377,7.483965597,14.20869804,10.54668424,"[10.89169587  9.47275159 11.55613466  9.87130251 10.89602218  9.08170582
 10.18981903 12.57890449 11.76021877 14.20869804 10.01754036 11.86257653
 10.70525656  7.70013188 12.81525738  9.48448136 11.83633171  9.61964343
  8.90124702  7.4839656 ]",11.3406599,C6H8N2O2S,172.03065,63-74-1,Nc1ccc(S(N)(=O)=O)cc1,NatComm,8,2.546684239
423,5repeatAllMolecules/Sulfanilamide_5,10,13,0,0,173.0377,8.01216529,13.34164735,10.47773655,"[ 8.49295081  8.70342401  9.61688244  9.51652593 10.57748065 10.70196967
 11.74798379 13.34164735 10.46549666 11.20743851  9.76366643  8.39255697
 12.0236923  10.96859552 10.87603289  8.01216529  9.77475491 10.01251813
 12.40819248 12.95075621]",11.3406599,C6H8N2O2S,172.03065,63-74-1,Nc1ccc(S(N)(=O)=O)cc1,NatComm,8,2.477736548
424,5repeatAllMolecules/Tenoxicam_1,14,13,0,0,338.0256,17.02429185,25.16208298,21.91551239,"[20.35476708 25.16208298 21.63033969 22.59214772 21.95174366 24.01029219
 17.4835688  17.02429185 18.46012448 24.11955354 23.3441776  25.15246591
 20.82157925 24.0542741  21.6210566  22.31207884 23.53495079 21.54109264
 22.68867527 20.45098486]",24.61706117,C13H11N3O4S2,337.019101,59804-37-4,CN1C(C(=O)Nc2ccccn2)=C(O)c2sccc2S1(=O)=O,NatComm,17,4.915512392
425,5repeatAllMolecules/Tenoxicam_2,13,13,0,0,338.0256,17.09872283,26.73854875,21.83809464,"[23.0725989  21.88462769 22.71871299 20.37537755 22.48841714 18.95212331
 21.08338427 22.89068212 22.4728275  26.73854875 23.20244104 22.12205841
 20.50957583 23.36303203 17.09872283 22.2734514  19.19221721 24.13924684
 22.13606365 20.0477833 ]",24.61706117,C13H11N3O4S2,337.019101,59804-37-4,CN1C(C(=O)Nc2ccccn2)=C(O)c2sccc2S1(=O)=O,NatComm,17,4.838094639
426,5repeatAllMolecules/Tenoxicam_3,15,13,0,0,338.0256,17.09872283,26.73854875,21.83809464,"[23.0725989  21.88462769 22.71871299 20.37537755 22.48841714 18.95212331
 21.08338427 22.89068212 22.4728275  26.73854875 23.20244104 22.12205841
 20.50957583 23.36303203 17.09872283 22.2734514  19.19221721 24.13924684
 22.13606365 20.0477833 ]",24.61706117,C13H11N3O4S2,337.019101,59804-37-4,CN1C(C(=O)Nc2ccccn2)=C(O)c2sccc2S1(=O)=O,NatComm,17,4.838094639
427,5repeatAllMolecules/Tenoxicam_4,14,369,0,0,338.7563,17.1287259,24.58241838,21.16586366,"[24.58241838 18.04900802 21.63431    20.77489881 21.5086074  22.97799954
 23.94667925 22.80331922 20.16587974 17.81269117 22.93304172 21.59786821
 17.1287259  20.16370901 20.44908926 21.97637543 23.9074469  22.33438329
 20.62253474 17.94828712]",23.63555731,C13H11N3O4S2,337.019101,59804-37-4,CN1C(C(=O)Nc2ccccn2)=C(O)c2sccc2S1(=O)=O,NatComm,17,4.165863655
428,5repeatAllMolecules/Tenoxicam_5,15,13,0,0,338.0256,17.09872283,26.73854875,21.83809464,"[23.0725989  21.88462769 22.71871299 20.37537755 22.48841714 18.95212331
 21.08338427 22.89068212 22.4728275  26.73854875 23.20244104 22.12205841
 20.50957583 23.36303203 17.09872283 22.2734514  19.19221721 24.13924684
 22.13606365 20.0477833 ]",24.61706117,C13H11N3O4S2,337.019101,59804-37-4,CN1C(C(=O)Nc2ccccn2)=C(O)c2sccc2S1(=O)=O,NatComm,17,4.838094639
429,5repeatAllMolecules/ThioflavinT_5,94,1184,0,0,319.0834,14.37899948,23.86479851,19.75271604,"[19.99917496 14.37899948 19.09088769 19.72657219 16.78393532 23.79839743
 17.79331871 19.32009289 20.03901702 20.37712072 15.34734194 21.7664545
 17.65111751 20.37934694 20.93708414 21.66071797 23.86479851 21.12971093
 19.26050606 21.74972582]",22.71748552,C17H19ClN2S,318.095748,2390-54-7,Cc1ccc2c(c1)sc(-c1ccc(N(C)C)cc1)[n+]2C.[Cl-],NatComm,11,8.752716036
430,5repeatAllMolecules/Thymidine_1,10,402,0,0,243.9072,11.14927016,17.02605325,14.4692187,"[16.48568279 13.61424562 12.47441896 16.55300454 14.27781522 14.94729475
 16.76082849 15.36191818 11.19645212 14.29623213 11.14927016 12.20920952
 13.39317808 16.4621863  11.38763455 15.5102628  17.02605325 13.92914545
 16.49968237 15.84985867]",16.00972809,C10H14N2O5,242.090273,50-89-5,Cc1cn([C@H]2C[C@H](O)[C@@H](CO)O2)c(=O)[nH]c1=O,NatComm,12,2.469218697
431,5repeatAllMolecules/Thymidine_1_20190822223601,2,64,0,0,242.216,12.28598107,18.21487562,15.23462993,"[14.20946423 16.64642397 14.68641518 16.0375285  17.01306975 13.92754925
 14.54055947 17.23486373 12.28598107 18.21487562 16.03580515 13.82350188
 14.38641837 14.45548083 16.10134978 14.46825874 15.14734825 16.73153228
 14.37330365 14.37286886]",15.41087627,C10H14N2O5,242.090273,50-89-5,Cc1cn([C@H]2C[C@H](O)[C@@H](CO)O2)c(=O)[nH]c1=O,NatComm,12,3.234629928
432,5repeatAllMolecules/Thymidine_2,12,327,0,0,243.0197,10.64300267,17.27097357,14.33274461,"[17.18686891 13.88524403 12.63288926 13.5480906  15.84728766 13.2415875
 15.82888623 14.75902314 14.50380534 10.64300267 13.22736627 17.27097357
 11.62485709 16.40883175 14.68414368 14.47317914 13.69477973 11.71066168
 15.45729148 16.02612246]",16.79654534,C10H14N2O5,242.090273,50-89-5,Cc1cn([C@H]2C[C@H](O)[C@@H](CO)O2)c(=O)[nH]c1=O,NatComm,12,2.332744609
433,5repeatAllMolecules/Thymidine_2_20190822224334,14,10,0,0,243.097,11.23216658,19.54807713,14.84950851,"[19.54807713 18.02666503 15.96266444 14.46826228 16.7264209  13.98512623
 12.0794617  15.16620045 18.5147215  15.45153881 16.18354626 16.8607207
 13.13308896 14.10043031 11.57611256 13.72537244 11.23216658 14.45476973
 12.67157587 13.12324824]",17.09156268,C10H14N2O5,242.090273,50-89-5,Cc1cn([C@H]2C[C@H](O)[C@@H](CO)O2)c(=O)[nH]c1=O,NatComm,12,2.849508506
434,5repeatAllMolecules/Thymidine_3,13,289,0,0,243.5263,10.84307654,19.01444711,14.83616022,"[14.93417408 16.27597739 13.34753361 15.55832317 15.8197663  17.55041361
 13.55038734 15.38775315 14.91522648 14.03781683 15.22441867 17.25373922
 12.59702952 10.84307654 15.99377592 13.84032977 12.92229077 19.01444711
 14.96529752 12.6914273 ]",16.01352571,C10H14N2O5,242.090273,50-89-5,Cc1cn([C@H]2C[C@H](O)[C@@H](CO)O2)c(=O)[nH]c1=O,NatComm,12,2.836160216
435,5repeatAllMolecules/Thymidine_3_20190822225107,13,10,0,0,243.097,11.23216658,19.54807713,14.84950851,"[19.54807713 18.02666503 15.96266444 14.46826228 16.7264209  13.98512623
 12.0794617  15.16620045 18.5147215  15.45153881 16.18354626 16.8607207
 13.13308896 14.10043031 11.57611256 13.72537244 11.23216658 14.45476973
 12.67157587 13.12324824]",17.09156268,C10H14N2O5,242.090273,50-89-5,Cc1cn([C@H]2C[C@H](O)[C@@H](CO)O2)c(=O)[nH]c1=O,NatComm,12,2.849508506
436,5repeatAllMolecules/Thymidine_4,8,222,0,0,242.8902,11.25381237,20.02629344,14.65861316,"[13.58623183 13.31192821 15.55364303 13.71386104 16.9283862  14.10124055
 18.64902137 15.94860054 11.25381237 12.96931029 14.02489332 11.85504427
 14.9605478  15.96218541 12.84767771 18.70558033 12.16123156 20.02629344
 13.87755265 12.73522135]",16.53097275,C10H14N2O5,242.090273,50-89-5,Cc1cn([C@H]2C[C@H](O)[C@@H](CO)O2)c(=O)[nH]c1=O,NatComm,12,2.658613165
437,5repeatAllMolecules/Thymidine_4_20190822225838,1,26,0,0,242.7955,11.7849784,18.68035542,14.7587,"[14.47459857 15.17333724 15.16598048 12.953045   15.81928396 18.68035542
 14.60802905 13.39746323 16.22859782 13.82931278 14.76607203 11.7849784
 14.39027599 12.31606448 15.41728263 12.96777182 13.13313421 16.61312444
 15.529879   17.9254135 ]",16.83248224,C10H14N2O5,242.090273,50-89-5,Cc1cn([C@H]2C[C@H](O)[C@@H](CO)O2)c(=O)[nH]c1=O,NatComm,12,2.758700001
438,5repeatAllMolecules/Thymidine_5,10,287,0,0,242.2632,10.8814436,18.26961844,14.58101953,"[18.26961844 17.48781112 14.98067184 14.84019102 16.41935747 16.59722267
 13.98524186 13.23013407 13.3336046  13.67976437 14.66495347 12.88243836
 14.20577732 14.58989925 13.48142185 14.24937092 10.8814436  11.63150562
 18.20158885 14.00837382]",16.25918958,C10H14N2O5,242.090273,50-89-5,Cc1cn([C@H]2C[C@H](O)[C@@H](CO)O2)c(=O)[nH]c1=O,NatComm,12,2.581019525
439,5repeatAllMolecules/Thymidine_5_20190822230613,3,62,0,0,242.0958,8.47791685,17.98700739,14.76552132,"[13.35990725 12.29645763 16.06397446 16.28283207 16.18320451 17.98700739
 14.17585264 14.0940865  13.93786524 16.24436777 15.87040369 13.02153947
 14.95342047 14.47168932 15.08591781 16.48996752 16.96037495 12.41809997
 16.93554087  8.47791685]",17.15482677,C10H14N2O5,242.090273,50-89-5,Cc1cn([C@H]2C[C@H](O)[C@@H](CO)O2)c(=O)[nH]c1=O,NatComm,12,2.765521319
440,5repeatAllMolecules/UPF1069_1,9,63,0,0,280.0961,14.21425352,21.81610688,17.10071294,"[17.08157727 19.04589422 16.46334789 18.4265291  16.67019773 15.67570114
 16.71853471 17.82802438 21.81610688 14.21425352 15.61144613 21.33646486
 16.73505062 18.08954053 17.4100466  15.71390426 14.82337501 15.08011578
 16.02456479 17.24958348]",19.14168124,C17H13NO3,279.089544,1048371-03-4,O=C(COc1cccc2c(=O)[nH]ccc12)c1ccccc1,NatComm,12,5.100712945
441,5repeatAllMolecules/UPF1069_2,9,62,0,0,280.0961,14.63962822,20.30614208,17.34709377,"[19.54337094 19.70235095 17.39114867 17.1911181  17.12090004 18.30783434
 19.51672506 14.63962822 19.77794397 14.91127091 17.49751488 15.01759329
 17.76268924 17.27444281 16.10996277 15.99173436 16.78446371 14.78646871
 17.30857229 20.30614208]",19.14168124,C17H13NO3,279.089544,1048371-03-4,O=C(COc1cccc2c(=O)[nH]ccc12)c1ccccc1,NatComm,12,5.347093768
442,5repeatAllMolecules/UPF1069_3,9,63,0,0,280.0961,14.63962822,20.30614208,17.34709377,"[19.54337094 19.70235095 17.39114867 17.1911181  17.12090004 18.30783434
 19.51672506 14.63962822 19.77794397 14.91127091 17.49751488 15.01759329
 17.76268924 17.27444281 16.10996277 15.99173436 16.78446371 14.78646871
 17.30857229 20.30614208]",19.14168124,C17H13NO3,279.089544,1048371-03-4,O=C(COc1cccc2c(=O)[nH]ccc12)c1ccccc1,NatComm,12,5.347093768
443,5repeatAllMolecules/UPF1069_4,8,63,0,0,280.0961,14.68826563,20.86246955,17.16660668,"[20.35921938 16.51751613 18.783291   17.9331705  17.37699236 20.86246955
 16.77111375 16.42792738 15.4261615  18.87924606 15.99933569 15.68358339
 16.28301753 15.72341644 19.036748   14.68826563 16.50889399 15.61589593
 16.89312339 17.56274593]",19.14168124,C17H13NO3,279.089544,1048371-03-4,O=C(COc1cccc2c(=O)[nH]ccc12)c1ccccc1,NatComm,12,5.166606676
444,5repeatAllMolecules/UPF1069_5,9,65,0,0,280.0961,12.09612098,22.01317613,17.14474366,"[12.09612098 12.87699516 18.79506774 19.06278085 16.73856033 14.5776231
 19.9932523  15.76434659 22.01317613 18.32533194 13.21364882 15.70714678
 19.06782818 17.91461206 16.36683222 17.24595575 18.3378809  18.65701965
 17.38913465 18.75155899]",19.14168124,C17H13NO3,279.089544,1048371-03-4,O=C(COc1cccc2c(=O)[nH]ccc12)c1ccccc1,NatComm,12,5.144743656
445,5repeatAllMolecules/Zearalanone_1,119,160,0,0,321.1692,16.52700264,22.64562717,18.74679749,"[17.63375245 18.14073901 18.03644576 18.1174473  17.33129055 17.7710096
 17.69592817 17.68398291 17.05278341 18.29928066 18.97079585 19.1450833
 20.48839565 17.79268152 16.52700264 22.64562717 22.0517011  21.47448395
 19.65944704 18.41807183]",22.26012962,C18H24O5,320.162375,5975-78-0,C[C@H]1CCCC(=O)CCCCCc2cc(O)cc(O)c2C(=O)O1,NatComm,13,5.746797494
446,5repeatAllMolecules/Zearalanone_2,100,108,0,0,321.1691,17.01266596,24.99176865,19.76969009,"[17.85346146 20.6515981  20.60403269 24.99176865 20.19641921 22.24725168
 20.91984062 18.0386809  18.64132532 18.26581111 22.27151629 19.92202405
 17.94425283 18.85844691 17.87007914 19.22388926 18.69808717 21.58963742
 19.5930131  17.01266596]",21.27287399,C18H24O5,320.162375,5975-78-0,C[C@H]1CCCC(=O)CCCCCc2cc(O)cc(O)c2C(=O)O1,NatComm,13,6.769690094
447,5repeatAllMolecules/Zearalanone_3,115,135,0,0,321.1692,14.99078024,21.41748313,17.39406543,"[21.35740987 17.41569518 19.68475471 16.90074204 15.60136915 16.85636499
 18.66089695 16.01743251 15.37320247 16.5407189  15.47700712 17.85349007
 16.74560056 21.41748313 18.00562592 16.36289099 14.99078024 17.13422907
 15.35174731 20.13386738]",22.26012962,C18H24O5,320.162375,5975-78-0,C[C@H]1CCCC(=O)CCCCCc2cc(O)cc(O)c2C(=O)O1,NatComm,13,4.394065428
448,5repeatAllMolecules/Zearalanone_4,126,127,0,0,321.1692,13.73565712,23.38194583,17.6758503,"[18.88888725 18.75538946 19.02466179 16.99653778 14.06621987 14.7175686
 19.97761445 17.16661096 16.31086074 14.79334381 14.37040169 16.27645914
 17.98488104 20.19899601 17.93672803 20.84136036 13.73565712 23.38194583
 16.94332489 21.14955717]",22.26012962,C18H24O5,320.162375,5975-78-0,C[C@H]1CCCC(=O)CCCCCc2cc(O)cc(O)c2C(=O)O1,NatComm,13,4.6758503
449,5repeatAllMolecules/Zearalanone_5,106,178,0,0,321.1692,13.73565712,23.38194583,17.6758503,"[18.88888725 18.75538946 19.02466179 16.99653778 14.06621987 14.7175686
 19.97761445 17.16661096 16.31086074 14.79334381 14.37040169 16.27645914
 17.98488104 20.19899601 17.93672803 20.84136036 13.73565712 23.38194583
 16.94332489 21.14955717]",22.26012962,C18H24O5,320.162375,5975-78-0,C[C@H]1CCCC(=O)CCCCCc2cc(O)cc(O)c2C(=O)O1,NatComm,13,4.6758503